,TEAM_NAME,TEAM_ID,GAME_DATE,"(1627780, 1630228)","(1627780, 1627814)","(1627780, 1629185)","(1627780, 1629673)","(1627780, 1630541)","(1627780, 1626172)","(1627780, 202357)","(1627780, 2738)","(1627780, 202691)","(1627780, 1629683)","(1627780, 203952)","(1627780, 203110)","(1627780, 201939)","(1627780, 203490)","(1627780, 1630164)","(1627780, 1629308)","(1630228, 1627814)","(1630228, 1629185)","(1630228, 1629673)","(1630228, 1630541)","(1630228, 1626172)","(1630228, 202357)","(1630228, 2738)","(1630228, 202691)","(1630228, 1629683)","(1630228, 203952)","(1630228, 203110)","(1630228, 201939)","(1630228, 203490)","(1630228, 1630164)","(1630228, 1629308)","(1627814, 1629185)","(1627814, 1629673)","(1627814, 1630541)","(1627814, 1626172)","(1627814, 202357)","(1627814, 2738)","(1627814, 202691)","(1627814, 1629683)","(1627814, 203952)","(1627814, 203110)","(1627814, 201939)","(1627814, 203490)","(1627814, 1630164)","(1627814, 1629308)","(1629185, 1629673)","(1629185, 1630541)","(1629185, 1626172)","(1629185, 202357)","(1629185, 2738)","(1629185, 202691)","(1629185, 1629683)","(1629185, 203952)","(1629185, 203110)","(1629185, 201939)","(1629185, 203490)","(1629185, 1630164)","(1629185, 1629308)","(1629673, 1630541)","(1629673, 1626172)","(1629673, 202357)","(1629673, 2738)","(1629673, 202691)","(1629673, 1629683)","(1629673, 203952)","(1629673, 203110)","(1629673, 201939)","(1629673, 203490)","(1629673, 1630164)","(1629673, 1629308)","(1630541, 1626172)","(1630541, 202357)","(1630541, 2738)","(1630541, 202691)","(1630541, 1629683)","(1630541, 203952)","(1630541, 203110)","(1630541, 201939)","(1630541, 203490)","(1630541, 1630164)","(1630541, 1629308)","(1626172, 202357)","(1626172, 2738)","(1626172, 202691)","(1626172, 1629683)","(1626172, 203952)","(1626172, 203110)","(1626172, 201939)","(1626172, 203490)","(1626172, 1630164)","(1626172, 1629308)","(202357, 2738)","(202357, 202691)","(202357, 1629683)","(202357, 203952)","(202357, 203110)","(202357, 201939)","(202357, 203490)","(202357, 1630164)","(202357, 1629308)","(2738, 202691)","(2738, 1629683)","(2738, 203952)","(2738, 203110)","(2738, 201939)","(2738, 203490)","(2738, 1630164)","(2738, 1629308)","(202691, 1629683)","(202691, 203952)","(202691, 203110)","(202691, 201939)","(202691, 203490)","(202691, 1630164)","(202691, 1629308)","(1629683, 203952)","(1629683, 203110)","(1629683, 201939)","(1629683, 203490)","(1629683, 1630164)","(1629683, 1629308)","(203952, 203110)","(203952, 201939)","(203952, 203490)","(203952, 1630164)","(203952, 1629308)","(203110, 201939)","(203110, 203490)","(203110, 1630164)","(203110, 1629308)","(201939, 203490)","(201939, 1630164)","(201939, 1629308)","(203490, 1630164)","(203490, 1629308)","(1630164, 1629308)"
0,GSW,1610612744,2021-10-19,0,0,0,0,0,0,0,0,0,0,0,0,0,0,0,0,0,0,0,0,0,0,0,0,0,0,0,0,0,0,0,0,12,0,2,18,15,0,0,9,10,15,6,0,4,0,0,0,0,0,0,0,0,0,0,0,0,0,0,11,13,14,0,0,14,11,14,12,0,9,2,0,0,0,0,6,2,2,0,0,0,0,0,0,0,13,6,9,0,0,0,20,0,0,8,7,16,7,0,8,0,0,0,4,12,8,0,5,0,0,0,0,0,0,0,0,0,0,0,0,0,14,17,0,0,3,14,0,0,3,0,0,9,0,0,0
1,GSW,1610612744,2021-10-21,0,0,0,0,0,0,0,0,0,0,0,0,0,0,0,0,0,0,0,0,0,0,0,0,0,0,0,0,0,0,0,0,11,0,2,0,9,0,0,5,10,30,12,0,3,0,0,0,0,0,0,0,0,0,0,0,0,0,0,5,4,8,0,0,18,9,16,10,0,5,0,2,0,0,0,2,0,0,0,0,0,0,0,0,0,17,8,17,0,0,0,0,0,0,8,8,23,0,0,0,0,0,0,6,25,6,0,7,0,0,0,0,0,0,0,0,0,0,0,0,0,21,38,0,0,0,33,0,0,0,17,0,2,0,7,0
2,GSW,1610612744,2021-10-24,0,10,0,8,0,0,2,0,0,0,6,7,17,9,0,11,0,0,0,0,0,0,0,0,0,0,0,0,0,0,0,0,9,0,9,0,0,0,0,9,11,14,9,0,5,0,0,0,0,0,0,0,0,0,0,0,0,0,0,11,3,0,0,0,27,19,18,11,0,8,0,0,0,0,0,0,0,0,0,0,0,0,0,0,0,10,12,13,2,0,0,0,0,0,0,3,8,2,0,0,0,0,0,0,0,0,0,0,0,0,0,0,0,0,0,0,0,0,0,0,0,22,23,5,0,6,32,4,0,0,14,0,3,0,4,0
3,GSW,1610612744,2021-10-26,0,0,0,3,0,0,5,0,0,0,0,3,6,3,0,0,0,0,0,0,0,0,0,0,0,0,0,0,0,0,0,5,9,0,10,2,13,0,0,16,15,16,11,0,11,0,0,0,0,0,0,0,0,0,0,0,0,0,0,8,2,2,0,0,20,10,11,6,0,6,0,0,0,0,0,0,0,0,0,0,0,0,0,0,0,12,6,11,0,0,0,0,0,0,0,2,6,2,0,0,0,0,9,6,12,6,0,0,0,0,0,0,0,0,0,0,0,0,0,0,0,23,24,4,0,9,17,0,0,5,12,0,3,0,6,0
4,GSW,1610612744,2021-10-28,0,0,0,0,0,0,0,0,0,0,4,2,8,3,0,2,0,0,0,0,0,0,0,0,0,0,0,0,0,0,0,0,4,0,0,4,11,0,0,18,14,23,5,0,12,0,0,0,0,0,0,0,0,0,0,0,0,0,0,8,8,6,0,0,11,6,15,4,0,0,0,0,0,0,0,0,0,0,0,0,0,0,0,0,0,8,4,12,0,0,0,6,0,0,5,2,5,12,0,0,0,0,4,0,10,7,0,0,0,0,0,0,0,0,0,0,0,0,0,0,0,15,35,2,0,6,26,7,0,2,21,0,9,0,2,0
5,GSW,1610612744,2021-10-30,6,0,3,0,3,0,0,0,0,0,0,0,0,0,0,3,0,3,0,3,0,0,0,0,0,0,0,0,0,0,3,0,0,0,0,0,0,0,0,0,0,0,0,0,0,0,0,0,6,6,0,0,0,2,12,8,0,0,13,15,10,10,0,0,20,17,16,13,0,0,2,8,3,0,0,5,2,4,11,0,0,0,0,0,0,15,15,20,0,0,0,5,0,0,0,2,6,15,0,0,0,0,0,0,0,4,0,0,0,0,0,0,0,0,0,0,0,0,0,0,0,27,34,5,0,0,31,2,0,0,2,0,0,0,6,0
6,GSW,1610612744,2021-11-03,0,2,0,16,0,0,11,8,0,0,9,14,14,4,0,0,5,0,0,0,0,0,0,0,0,0,0,0,0,0,0,0,9,5,0,0,8,0,0,3,0,20,10,0,13,0,0,0,0,0,0,0,0,0,0,0,0,0,0,17,15,4,0,0,35,33,16,0,0,9,0,0,0,0,0,0,0,0,0,0,0,0,0,0,0,11,6,6,0,0,0,5,0,0,3,10,6,0,0,0,0,0,0,2,15,5,0,3,0,0,0,0,0,0,0,0,0,0,0,0,0,12,13,0,0,0,5,0,0,0,14,0,7,0,0,0
7,GSW,1610612744,2021-11-05,8,6,0,10,11,0,14,5,0,0,9,9,8,8,0,6,2,0,5,7,0,0,0,0,0,0,0,0,0,0,2,0,15,5,0,5,7,0,0,0,2,0,7,0,7,0,0,0,0,0,0,0,0,0,0,0,0,0,5,4,20,13,0,0,22,12,22,9,0,14,0,0,0,0,0,0,0,0,0,0,7,0,0,0,0,8,2,9,0,0,0,13,0,0,7,5,16,14,0,2,0,0,3,0,3,8,0,4,0,0,0,0,0,0,0,0,0,0,0,0,0,16,23,2,0,0,21,4,0,0,8,0,0,0,2,0
8,GSW,1610612744,2021-11-07,0,6,0,7,0,0,19,0,0,0,10,4,20,11,0,10,0,0,0,2,0,0,0,0,0,0,0,0,0,0,0,0,7,6,0,11,0,0,0,0,2,11,10,0,4,0,2,0,0,0,0,0,0,0,0,0,0,4,4,11,5,0,0,0,18,15,17,20,0,6,0,0,0,0,0,0,0,0,8,0,6,0,0,0,0,7,8,10,9,0,0,0,0,0,4,6,21,0,0,5,0,0,0,0,0,0,0,0,0,0,0,0,0,0,0,0,0,0,0,0,0,11,18,9,0,12,17,3,0,0,4,0,7,0,5,0
9,GSW,1610612744,2021-11-08,2,5,0,3,0,2,7,4,0,0,2,4,22,0,0,5,0,0,3,0,0,2,0,0,0,0,0,3,0,0,3,0,6,0,2,0,11,0,0,8,7,17,0,0,12,0,0,0,0,0,0,0,0,0,0,0,0,0,3,13,3,4,0,0,23,12,26,0,0,9,0,0,0,0,0,0,0,0,0,0,0,2,0,0,0,13,2,20,0,0,0,4,0,0,5,7,13,0,0,0,0,0,0,4,20,0,0,10,0,0,0,0,0,0,0,0,0,0,0,0,0,15,28,0,0,0,32,0,0,3,0,0,17,0,0,0
10,GSW,1610612744,2021-11-10,0,0,0,2,0,0,11,4,0,0,2,0,12,12,0,0,0,0,0,0,0,0,0,0,0,0,0,0,0,0,0,0,0,0,0,0,0,0,0,0,0,0,0,0,0,0,0,0,0,0,0,0,0,0,0,0,0,0,2,15,9,7,0,0,41,7,14,8,0,0,2,0,0,0,0,3,0,0,0,0,0,0,4,0,0,37,6,16,0,0,0,7,0,0,4,2,16,13,0,0,0,0,12,0,13,8,0,0,0,0,0,0,0,0,0,0,0,0,0,0,0,19,34,0,0,0,4,0,0,0,13,0,5,0,0,0
11,GSW,1610612744,2021-11-12,6,0,0,2,0,2,10,8,0,0,12,6,17,3,0,0,0,0,8,6,0,3,10,0,0,0,0,14,11,0,4,0,0,0,0,0,0,0,0,0,0,0,0,0,0,0,0,0,0,0,0,0,0,0,0,0,0,0,6,10,3,0,0,0,14,17,32,6,0,4,0,0,0,0,0,0,0,0,2,0,2,0,0,0,0,10,2,22,0,0,0,10,0,0,2,12,14,0,0,0,0,0,4,2,21,7,0,0,0,0,0,0,0,0,0,0,0,0,0,0,0,13,32,2,0,0,32,2,0,0,15,0,0,0,0,0
12,GSW,1610612744,2021-11-14,0,2,0,2,0,0,4,2,0,0,4,2,12,2,0,0,10,0,2,0,0,0,8,0,0,0,3,11,8,0,0,0,0,0,0,0,4,0,0,7,4,6,4,0,0,0,0,0,0,0,0,0,0,0,0,0,0,0,0,10,0,0,0,0,35,19,17,0,0,0,0,0,0,0,0,0,0,0,0,0,0,0,2,0,0,25,12,8,0,0,0,0,0,0,2,0,8,0,0,0,0,0,6,0,10,0,0,0,0,0,0,0,0,0,0,0,0,0,0,0,0,34,25,4,0,0,16,0,0,0,10,0,0,0,0,0
13,GSW,1610612744,2021-11-16,2,0,0,10,0,2,4,0,0,0,12,11,14,0,0,0,4,0,4,2,0,2,7,0,0,4,4,9,4,0,4,0,6,0,2,0,5,0,0,4,5,11,6,0,0,0,0,0,0,0,0,0,0,0,0,0,0,0,0,8,2,7,0,0,12,23,17,0,0,0,0,0,2,0,0,2,0,0,0,0,0,0,0,0,0,4,9,13,0,0,0,0,0,0,0,2,6,0,0,0,0,0,4,7,14,4,0,0,0,0,0,0,0,0,0,0,0,0,0,0,0,18,32,10,0,0,28,0,0,0,18,0,0,0,0,0
14,GSW,1610612744,2021-11-18,0,2,0,2,0,0,12,0,0,0,4,0,9,3,0,3,0,0,0,0,0,7,0,0,0,0,0,6,0,0,3,0,5,0,4,14,0,0,0,4,7,37,4,0,16,0,0,0,0,0,0,0,0,0,0,0,0,3,0,7,9,0,0,0,15,11,10,0,0,2,0,0,0,0,0,0,0,0,0,0,3,0,0,0,0,8,6,13,0,0,0,0,0,0,6,7,26,12,0,0,0,0,0,0,0,0,0,0,0,0,0,0,0,0,0,0,0,0,0,0,0,14,17,0,0,0,21,0,0,4,24,0,24,0,4,0
15,GSW,1610612744,2021-11-19,0,0,0,36,0,13,5,0,0,0,28,0,0,0,0,11,2,6,7,4,0,7,0,0,0,0,0,0,0,0,0,6,5,2,0,7,0,0,0,0,0,0,0,0,2,9,2,0,12,0,0,0,4,0,0,0,0,0,4,27,14,0,0,0,40,0,0,0,0,27,0,8,0,0,0,4,0,0,0,0,4,0,0,0,0,17,0,0,0,0,2,0,0,0,9,0,0,0,0,9,0,0,0,0,0,0,0,0,0,0,0,0,0,0,0,0,0,0,0,0,0,0,0,0,0,19,0,0,0,0,0,0,0,0,0,0
16,GSW,1610612744,2021-11-21,0,0,0,0,0,0,0,0,0,0,0,0,0,0,0,0,0,0,5,0,0,0,0,0,0,0,0,2,0,0,0,0,0,0,2,0,0,0,0,0,0,2,14,0,4,16,0,10,0,0,0,0,16,12,10,6,0,2,0,17,5,0,0,0,47,20,14,14,0,12,0,0,0,0,0,0,0,0,0,0,0,0,0,0,0,30,4,5,10,0,4,0,0,0,0,0,0,0,0,0,0,0,0,0,0,0,0,0,0,0,0,0,0,0,0,0,0,0,0,0,0,32,33,9,0,0,5,3,0,0,17,0,4,0,14,0
17,GSW,1610612744,2021-11-24,2,0,0,5,0,0,2,0,0,0,4,4,6,16,0,12,0,0,0,0,0,0,0,0,0,0,0,3,0,0,0,0,4,0,9,0,0,0,0,2,2,11,3,0,7,0,0,0,0,0,0,0,0,0,0,0,0,0,0,8,0,0,0,0,28,15,26,6,0,13,0,0,0,0,0,0,0,0,0,0,0,0,0,0,0,13,4,17,5,0,6,0,0,0,0,2,0,6,0,0,0,0,0,0,0,0,0,0,0,0,0,0,0,0,0,0,0,0,0,0,0,20,32,5,0,15,18,0,0,12,25,0,17,0,11,0
18,GSW,1610612744,2021-11-26,0,0,0,8,0,0,2,0,0,0,0,2,8,8,0,10,0,0,0,0,0,0,0,0,0,0,0,0,0,0,0,0,0,0,0,0,0,0,0,0,0,0,0,0,0,0,0,2,5,0,0,0,6,0,7,3,0,3,0,12,0,0,0,0,31,22,32,12,0,8,0,0,0,0,0,0,0,0,0,0,0,0,0,0,0,27,18,16,2,0,0,0,0,0,0,0,10,2,0,2,0,0,0,0,0,0,0,0,0,0,0,0,0,0,0,0,0,0,0,0,0,31,43,2,0,12,30,6,0,4,12,0,22,0,4,0
19,GSW,1610612744,2021-11-28,0,0,0,10,0,0,0,0,0,0,4,4,3,7,0,0,0,5,5,5,0,0,0,0,0,0,0,0,0,0,5,0,0,0,0,0,0,0,0,0,0,0,0,0,0,0,0,0,2,0,0,0,5,2,15,7,0,4,0,4,6,0,0,0,15,16,23,20,0,6,0,0,0,0,0,0,0,0,0,0,0,0,0,0,0,7,6,12,0,0,0,0,0,0,2,0,9,4,0,4,0,0,0,0,0,0,0,0,0,0,0,0,0,0,0,0,0,0,0,0,0,14,36,11,0,9,19,8,0,0,27,0,22,0,9,0
20,GSW,1610612744,2021-11-30,0,0,5,20,0,0,8,0,0,0,8,2,5,13,0,4,0,0,0,0,0,0,0,0,0,0,0,0,0,0,0,0,0,0,0,0,0,0,0,0,0,0,0,0,0,0,0,0,3,0,0,0,0,0,8,11,0,2,0,12,0,0,0,0,32,32,13,21,0,0,0,0,0,0,0,0,0,0,0,0,0,0,0,0,0,6,10,7,0,0,0,0,0,0,0,0,10,13,0,4,0,0,0,0,0,0,0,0,0,0,0,0,0,0,0,0,0,0,0,0,0,16,5,11,0,0,11,7,0,0,24,0,10,0,11,0
21,GSW,1610612744,2021-12-03,0,3,0,15,0,0,19,0,0,0,6,11,10,16,0,21,0,0,0,0,0,0,0,0,0,0,0,0,0,0,0,0,2,0,2,0,0,0,0,4,2,5,0,0,5,0,0,0,0,0,0,0,0,0,0,0,0,0,0,5,2,0,0,0,29,19,20,6,0,14,0,0,0,0,0,0,0,0,0,0,0,0,0,0,0,18,4,19,0,0,0,0,0,0,0,0,10,11,0,10,0,0,0,0,0,0,0,0,0,0,0,0,0,0,0,0,0,0,0,0,0,26,37,0,0,16,19,2,0,18,5,0,18,0,7,0
22,GSW,1610612744,2021-12-04,0,9,0,4,0,0,6,0,0,0,4,4,11,0,0,2,0,0,0,0,0,0,0,0,0,0,0,0,0,0,0,10,0,0,2,18,0,0,0,2,10,33,0,0,24,5,0,0,5,0,0,0,3,2,3,0,0,11,0,10,0,0,0,0,23,17,10,0,0,7,0,0,0,0,0,0,0,0,0,0,0,0,0,0,0,10,2,2,0,0,2,0,0,0,0,0,19,0,0,12,0,0,0,0,0,0,0,0,0,0,0,0,0,0,0,0,0,0,0,0,0,14,13,0,0,4,16,0,0,14,0,0,29,0,0,0
23,GSW,1610612744,2021-12-06,0,2,0,8,0,0,9,0,0,0,14,7,7,7,0,2,10,0,6,6,0,0,0,0,0,2,2,8,2,0,4,0,11,2,0,5,0,0,0,12,4,13,0,0,0,0,0,0,0,0,0,0,0,0,0,0,0,0,2,4,2,0,0,0,34,14,17,3,0,2,0,0,0,0,0,0,0,0,0,0,2,0,0,0,0,13,8,13,0,0,0,0,0,0,2,0,13,8,0,8,0,0,0,0,0,0,0,0,0,0,0,0,0,0,0,0,0,0,0,0,0,30,29,9,0,0,16,2,0,4,11,0,9,0,2,0
24,GSW,1610612744,2021-12-08,0,2,0,5,0,0,4,0,0,0,0,0,7,8,0,2,0,0,0,0,0,0,0,0,0,0,0,0,0,0,0,0,0,0,2,6,0,0,0,3,0,4,11,0,2,0,0,0,0,0,0,0,0,0,0,0,0,0,0,15,0,0,0,0,22,14,22,10,0,2,0,0,0,0,0,0,0,0,0,0,0,0,0,0,0,17,10,17,3,0,0,0,0,0,3,0,13,15,0,8,0,0,0,0,0,0,0,0,0,0,0,0,0,0,0,0,0,0,0,0,0,12,19,3,0,3,15,2,0,4,22,0,7,0,6,0
25,GSW,1610612744,2021-12-11,4,0,0,5,2,0,5,2,0,0,4,0,2,6,0,2,0,0,0,2,0,0,0,0,0,0,0,0,2,0,2,0,0,0,0,0,2,0,0,2,2,2,0,0,0,0,0,0,0,0,0,0,0,0,0,0,0,0,0,26,0,0,0,0,37,4,26,10,0,11,0,0,0,0,0,0,0,0,0,0,0,0,0,0,0,27,8,13,2,0,2,5,0,0,0,0,5,3,0,0,0,0,0,2,4,0,0,0,0,0,0,0,0,0,0,0,0,0,0,0,0,16,26,9,0,3,17,5,0,0,10,0,3,0,0,0
26,GSW,1610612744,2021-12-13,0,0,0,3,0,0,6,0,0,0,0,0,6,7,0,0,4,0,3,0,0,0,0,0,0,0,0,7,4,0,2,0,5,0,6,0,0,0,0,4,4,8,4,0,0,0,0,0,0,0,0,0,0,0,0,0,0,0,0,12,3,0,0,0,17,21,12,2,0,0,0,0,0,0,0,0,0,0,2,0,2,0,0,0,0,24,24,22,6,0,4,0,0,0,0,0,6,9,0,2,0,0,0,0,0,0,0,0,0,0,0,0,0,0,0,0,0,0,0,0,0,28,27,4,0,0,25,2,0,0,22,0,7,0,12,0
27,GSW,1610612744,2021-12-14,9,0,0,5,0,0,3,0,0,0,5,5,5,0,0,0,0,0,2,0,0,5,2,0,0,2,2,7,0,0,0,0,5,0,3,15,4,0,0,3,6,11,0,0,6,0,0,0,0,0,0,0,0,0,0,0,0,0,0,10,0,0,0,0,21,13,13,0,0,0,0,0,0,0,0,0,0,0,0,0,0,0,0,0,0,19,11,13,0,0,0,14,0,0,0,0,26,0,0,13,0,0,0,0,12,0,0,2,0,0,0,0,0,0,0,0,0,0,0,0,0,22,24,0,0,0,13,0,0,0,0,0,9,0,0,0
28,GSW,1610612744,2021-12-17,0,0,0,0,0,3,2,2,0,0,3,3,12,4,0,0,2,0,0,0,4,0,0,0,0,0,2,2,0,0,0,3,0,0,0,8,18,0,0,18,3,5,5,0,0,0,0,0,5,12,0,0,15,0,0,0,0,0,0,0,0,0,0,0,0,0,0,0,0,0,4,0,0,0,0,11,2,8,0,0,0,0,3,0,0,19,4,15,0,0,0,14,0,0,14,0,5,2,0,0,0,0,24,2,8,6,0,0,0,0,0,0,0,0,0,0,0,0,0,0,0,19,28,5,0,3,20,8,0,2,16,0,3,0,0,0
29,GSW,1610612744,2021-12-18,15,4,4,0,11,2,8,0,0,0,0,0,0,0,0,17,28,16,0,16,13,14,0,0,0,0,0,0,0,0,17,13,0,11,15,14,0,0,0,0,0,0,0,0,11,0,6,7,10,0,0,0,0,0,0,0,0,2,0,0,0,0,0,0,0,0,0,0,0,0,5,12,0,0,0,0,0,0,0,0,4,11,0,0,0,0,0,0,0,0,10,0,0,0,0,0,0,0,0,6,0,0,0,0,0,0,0,0,0,0,0,0,0,0,0,0,0,0,0,0,0,0,0,0,0,0,0,0,0,0,0,0,0,0,0,0
30,GSW,1610612744,2021-12-20,0,0,9,0,2,0,8,8,0,0,0,4,14,16,0,2,5,0,0,0,2,0,0,0,0,0,2,9,0,0,0,3,0,0,13,7,11,0,0,0,28,35,9,0,17,0,3,0,7,5,0,0,0,0,0,7,0,3,0,0,0,0,0,0,0,0,0,0,0,0,0,0,0,0,0,0,0,0,0,0,0,0,0,0,0,0,2,13,0,0,3,9,0,0,0,0,10,6,0,0,0,0,0,9,20,20,0,0,0,0,0,0,0,0,0,0,0,0,0,0,0,0,0,0,0,0,35,23,0,14,22,0,11,0,2,0
31,GSW,1610612744,2021-12-23,0,0,8,0,0,17,5,0,0,0,0,30,40,27,0,13,0,6,0,3,0,9,0,0,0,0,0,14,0,0,3,0,0,0,0,0,0,0,0,0,0,0,0,0,0,0,2,0,6,0,0,0,0,0,2,0,0,0,0,0,0,0,0,0,0,0,0,0,0,0,0,11,0,0,0,0,2,8,0,0,2,2,0,0,0,0,8,25,9,0,2,0,0,0,0,6,14,3,0,6,0,0,0,0,0,0,0,0,0,0,0,0,0,0,0,0,0,0,0,0,0,0,0,0,0,0,31,16,0,8,34,0,17,0,7,0
32,GSW,1610612744,2021-12-25,6,0,3,0,0,20,0,0,0,0,0,22,26,24,0,7,0,0,0,0,3,11,0,0,8,0,5,23,5,0,2,0,0,0,0,0,0,0,0,0,0,0,0,0,0,0,0,0,4,0,0,6,0,2,0,0,0,2,0,0,0,0,0,0,0,0,0,0,0,0,0,0,0,0,0,0,0,0,0,0,0,0,0,0,0,0,14,18,18,0,6,0,0,13,0,0,18,8,0,4,0,0,0,0,0,0,0,0,0,0,0,0,0,0,0,0,0,7,7,0,2,0,0,0,0,0,21,24,0,6,35,0,9,0,3,0
33,GSW,1610612744,2021-12-28,0,0,0,0,0,15,0,0,0,0,18,0,17,9,0,12,0,0,0,0,0,10,6,0,0,7,0,15,0,0,6,0,0,0,0,0,0,0,0,0,0,0,0,0,0,0,0,2,0,0,0,0,0,0,0,0,0,3,0,0,0,0,0,0,0,0,0,0,0,0,0,0,0,0,0,0,0,0,0,0,0,0,0,0,0,21,0,10,4,0,11,4,0,0,6,0,13,0,0,0,0,0,4,0,11,0,0,0,0,0,0,0,0,0,0,0,0,0,0,0,0,0,28,10,0,11,0,0,0,0,8,0,14,0,5,0
34,GSW,1610612744,2022-01-01,0,0,0,3,0,13,3,5,0,0,24,0,26,30,0,0,0,0,7,0,0,0,4,0,0,2,0,0,2,0,0,0,0,0,0,0,0,0,0,0,0,0,0,0,0,0,0,0,0,0,0,0,0,0,0,0,0,0,0,0,7,11,0,0,2,0,4,11,0,7,0,0,0,0,0,0,0,0,0,0,0,0,9,0,0,25,0,30,17,0,4,2,0,0,7,0,2,7,0,4,0,0,24,0,16,12,0,4,0,0,0,0,0,0,0,0,0,0,0,0,0,0,35,35,0,2,0,0,0,0,35,0,5,0,0,0
35,GSW,1610612744,2022-01-03,2,0,0,19,0,16,7,0,0,0,30,12,15,0,0,2,0,0,2,0,0,9,0,0,0,0,0,2,2,0,0,0,7,0,0,6,0,0,0,2,0,3,13,0,3,0,0,0,0,0,0,0,0,0,0,0,0,0,0,18,4,0,0,0,31,32,13,17,0,2,0,0,0,0,0,0,0,0,0,0,0,0,0,0,0,22,8,11,2,0,0,0,0,0,0,0,10,15,0,3,0,0,0,0,0,0,0,0,0,0,0,0,0,0,0,0,0,0,0,0,0,23,19,5,0,0,12,8,0,0,2,0,0,0,7,0
36,GSW,1610612744,2022-01-05,0,2,0,2,0,15,4,0,0,0,21,11,20,0,0,4,0,0,0,0,0,4,0,0,2,0,0,0,0,0,4,0,7,0,0,7,0,0,0,0,0,7,0,0,13,0,0,0,0,0,0,2,0,0,0,0,0,0,0,2,6,0,0,0,13,4,6,0,0,8,0,0,0,0,2,0,0,0,0,0,0,0,0,0,0,17,8,15,0,0,0,0,0,0,2,0,2,0,0,8,0,0,0,0,0,0,0,0,0,0,0,0,0,0,0,0,0,0,0,0,2,18,25,0,0,0,11,0,0,2,0,0,8,0,0,0
37,GSW,1610612744,2022-01-06,0,0,0,4,0,6,0,0,0,0,8,0,0,6,0,0,18,0,14,10,0,10,11,0,0,8,0,0,2,0,0,0,11,17,7,17,13,0,0,12,0,0,3,0,0,0,2,0,2,2,0,0,0,0,0,0,0,0,12,6,13,0,0,0,13,0,0,5,0,0,0,10,11,0,0,6,0,0,0,0,0,0,0,0,0,14,0,0,8,0,0,11,0,0,10,0,0,6,0,0,0,0,4,0,0,0,0,0,0,0,0,0,0,0,0,0,0,0,0,0,0,0,0,12,0,0,0,0,0,0,0,0,0,0,0,0
38,GSW,1610612744,2022-01-09,0,0,0,2,0,2,7,11,0,0,6,0,15,13,0,2,0,0,0,0,0,0,0,0,0,0,0,0,0,0,0,0,0,0,0,0,0,0,0,0,0,0,0,0,0,0,0,0,0,0,0,0,0,0,0,0,0,0,0,16,0,11,8,0,12,0,28,5,0,4,0,0,0,0,0,0,0,0,0,0,0,0,0,21,0,10,0,24,0,0,8,2,0,0,0,0,0,6,0,0,0,0,2,0,21,10,0,0,0,21,0,17,5,0,12,0,0,0,0,0,0,0,26,0,0,6,0,0,0,0,12,0,7,0,0,0
39,GSW,1610612744,2022-01-11,0,5,0,5,0,4,3,5,16,0,17,0,21,10,0,0,0,0,0,0,0,0,0,0,0,0,0,0,0,0,0,0,3,0,0,0,3,0,0,0,0,4,6,0,0,0,0,0,0,0,0,0,0,0,0,0,0,0,0,2,11,5,0,0,5,0,9,9,0,2,2,0,0,2,0,2,0,6,0,0,0,0,0,9,0,12,0,14,0,0,0,6,0,0,0,0,5,10,0,0,0,0,0,0,4,7,0,0,0,22,0,24,5,0,4,0,0,0,0,0,0,0,29,6,0,7,0,0,0,0,11,0,0,0,0,0
40,GSW,1610612744,2022-01-13,0,0,0,0,0,0,0,0,0,0,4,0,0,0,0,0,13,12,8,0,0,9,0,2,0,2,0,4,8,0,13,7,3,0,3,4,0,0,0,3,0,6,5,0,14,0,0,0,3,0,0,0,0,0,0,3,0,12,0,4,0,5,11,0,13,0,13,8,0,0,0,0,0,0,0,0,0,0,0,0,0,0,0,12,0,12,0,2,0,0,2,0,0,0,0,0,3,0,0,9,0,0,8,0,7,7,0,0,0,20,0,10,3,0,0,0,0,0,0,0,0,0,21,7,0,0,0,0,0,0,10,0,3,0,0,0
41,GSW,1610612744,2022-01-14,0,0,0,0,0,0,0,0,0,0,0,0,0,0,0,0,24,8,20,0,9,19,7,0,0,13,0,11,7,0,12,8,9,0,0,15,7,0,0,6,0,9,0,0,10,0,0,0,7,0,0,0,0,0,0,0,0,10,0,20,11,6,0,0,27,0,25,21,0,10,0,0,0,0,0,0,0,0,0,0,0,0,0,0,0,23,0,21,17,0,0,3,0,0,4,0,5,0,0,13,0,0,4,0,5,0,0,0,0,0,0,0,0,0,0,0,0,0,0,0,0,0,30,22,0,0,0,0,0,0,22,0,0,0,0,0
42,GSW,1610612744,2022-01-16,0,0,0,0,0,0,0,0,0,0,0,0,0,0,0,0,7,3,18,0,10,2,2,18,0,6,0,0,11,0,6,0,2,0,2,7,7,0,0,5,0,0,5,0,3,0,0,0,0,0,0,0,0,0,0,0,0,3,0,15,2,0,17,0,21,0,0,25,0,0,0,0,0,0,0,0,0,0,0,0,0,0,2,14,0,12,0,0,14,0,0,2,0,0,0,0,0,2,0,3,3,0,0,0,0,0,0,0,0,20,0,0,14,0,3,0,0,0,0,0,0,0,0,20,0,2,0,0,0,0,0,0,0,0,0,0
43,GSW,1610612744,2022-01-18,0,2,0,0,0,4,7,0,6,0,6,0,10,4,0,0,0,3,4,5,5,7,0,7,0,15,0,12,0,0,7,0,6,0,0,2,0,0,0,3,0,5,5,0,2,0,0,0,0,0,0,0,0,0,0,0,0,0,0,0,7,0,5,0,2,0,7,2,0,4,0,0,0,0,0,0,0,0,0,0,0,0,0,15,0,19,0,11,0,0,0,0,2,0,3,0,0,8,0,2,0,0,0,0,0,0,0,0,0,29,0,14,4,0,6,0,0,0,0,0,0,0,30,12,0,0,0,0,0,0,17,0,2,0,0,0
44,GSW,1610612744,2022-01-20,0,5,0,6,0,4,6,6,0,0,4,0,14,0,0,0,0,0,0,0,2,0,0,8,0,2,0,13,0,0,0,0,9,0,2,13,9,0,0,0,0,6,0,0,0,0,0,0,0,0,0,0,0,0,0,0,0,0,0,0,10,4,2,0,5,0,10,0,0,2,0,0,0,0,0,0,0,0,0,0,0,0,4,18,0,16,0,28,0,0,4,10,0,0,0,0,13,0,0,0,4,0,7,0,15,0,0,5,0,18,0,25,0,0,5,0,0,0,0,0,0,0,34,0,0,12,0,0,0,0,0,0,12,0,0,0
45,GSW,1610612744,2022-01-21,9,14,0,4,0,4,6,0,0,0,8,0,12,2,0,0,9,0,4,0,2,7,0,0,0,0,0,6,2,0,0,0,6,0,2,8,0,0,0,8,0,12,0,0,0,0,0,0,0,0,0,0,0,0,0,0,0,0,0,18,4,0,0,0,24,0,24,25,0,0,0,0,0,0,0,0,0,0,0,0,0,0,0,0,0,20,0,17,15,0,0,0,0,0,2,0,3,0,0,2,0,0,0,0,0,0,0,0,0,0,0,0,0,0,0,0,0,0,0,0,0,0,29,23,0,0,0,0,0,0,21,0,0,0,0,0
46,GSW,1610612744,2022-01-23,0,18,0,5,0,2,8,0,0,0,4,0,11,0,0,4,6,0,3,0,0,0,0,0,0,0,0,2,5,0,0,0,13,0,0,16,0,0,0,12,0,13,2,0,0,0,0,0,0,0,0,0,0,0,0,0,0,0,0,21,7,0,0,0,27,0,12,24,0,2,0,0,0,0,0,0,0,0,0,0,0,0,0,0,0,19,0,15,18,0,0,0,0,0,2,0,6,3,0,4,0,0,0,0,0,0,0,0,0,0,0,0,0,0,0,0,0,0,0,0,0,0,18,24,0,0,0,0,0,0,14,0,0,0,0,0
47,GSW,1610612744,2022-01-25,3,5,0,9,0,2,5,0,3,0,6,0,13,0,0,0,15,3,12,11,0,18,0,19,0,0,0,11,0,0,10,2,11,5,0,9,0,16,0,4,0,4,10,0,4,0,3,0,0,0,0,0,0,0,0,0,0,2,0,14,4,0,0,0,16,0,17,19,0,0,0,0,0,0,0,0,0,0,0,0,5,0,0,4,0,9,0,14,12,0,0,0,17,0,2,0,8,0,0,0,0,0,0,0,0,0,0,0,0,13,0,22,15,0,0,0,0,0,0,0,0,0,23,21,0,0,0,0,0,0,10,0,0,0,0,0
48,GSW,1610612744,2022-01-27,2,2,0,12,0,0,4,0,0,0,8,0,12,0,0,0,4,0,5,0,0,6,0,12,0,6,0,11,2,0,0,0,10,0,0,5,0,7,0,3,0,0,2,0,0,0,0,0,0,0,0,0,0,0,0,0,0,0,0,7,12,0,4,0,16,0,16,9,0,0,0,0,0,0,0,0,0,0,0,0,0,0,0,17,0,14,0,20,11,0,0,0,12,0,5,0,9,0,0,0,0,0,0,0,0,0,0,0,0,26,0,39,22,0,0,0,0,0,0,0,0,0,38,22,0,3,0,0,0,0,21,0,0,0,0,0
49,GSW,1610612744,2022-01-29,2,4,0,12,0,2,0,0,2,0,15,0,4,10,0,2,2,0,5,0,0,0,0,2,0,7,0,2,0,0,4,0,5,0,0,0,0,0,0,7,0,2,0,0,4,0,0,0,0,0,0,0,0,0,0,0,0,0,0,7,0,0,5,0,21,0,19,13,0,9,0,0,0,0,0,0,0,0,0,0,0,0,0,16,0,23,0,12,20,0,0,0,0,0,0,0,0,0,0,0,0,0,0,0,0,0,0,0,0,23,0,21,18,0,2,0,0,0,0,0,0,0,22,30,0,0,0,0,0,0,15,0,9,0,0,0
50,GSW,1610612744,2022-01-31,0,0,0,11,6,5,0,0,2,0,16,0,25,0,0,4,0,0,2,2,0,0,0,7,0,0,0,12,0,0,8,0,0,2,0,0,0,4,0,2,0,3,0,0,2,0,2,0,0,0,0,0,0,0,0,0,0,0,5,0,0,0,5,0,17,0,28,0,0,8,13,0,0,12,0,24,0,16,0,0,4,0,0,12,0,23,0,19,0,0,0,0,0,0,0,0,0,0,0,0,0,0,0,0,0,0,0,0,0,14,0,24,0,0,13,0,0,0,0,0,0,0,28,0,0,4,0,0,0,0,0,0,28,0,0,0
51,GSW,1610612744,2022-02-01,13,0,6,5,6,0,0,0,0,2,0,0,0,0,0,4,13,27,14,25,4,0,0,0,20,0,0,0,0,0,4,12,36,31,23,0,0,0,4,0,0,0,0,0,15,15,9,7,0,0,0,10,0,0,0,0,0,0,29,25,0,0,0,2,0,0,0,0,0,16,15,0,0,0,6,0,0,0,0,0,18,0,0,0,0,0,0,0,0,0,8,0,0,0,0,0,0,0,0,0,0,0,0,0,0,0,0,0,0,0,0,0,0,0,0,0,0,0,0,0,0,0,0,0,0,0,0,0,0,0,0,0,0,0,0,0
52,GSW,1610612744,2022-02-03,5,5,0,3,0,4,0,0,0,0,10,0,0,0,0,0,28,0,6,2,0,0,0,29,0,4,0,19,0,0,22,0,8,2,2,0,0,13,0,11,0,17,0,0,18,0,0,0,0,0,0,0,0,0,0,0,0,0,6,8,0,0,14,2,14,0,7,0,0,4,8,0,0,14,0,11,0,22,0,0,5,0,0,10,0,14,0,17,0,0,0,0,0,0,0,0,0,0,0,0,0,0,0,0,0,0,0,0,0,10,0,33,0,0,18,0,0,0,0,0,0,0,16,0,0,0,0,0,0,0,0,0,15,0,0,0
53,GSW,1610612744,2022-02-07,6,4,0,9,2,5,0,0,0,0,10,0,5,0,0,0,13,0,14,5,0,0,7,10,0,14,0,13,0,0,0,0,2,3,0,0,6,5,0,10,0,8,0,0,0,0,0,0,0,0,0,0,0,0,0,0,0,0,4,13,0,2,10,0,22,0,14,5,0,0,2,0,0,7,0,0,0,5,0,0,0,0,0,13,0,20,0,19,8,0,0,0,0,0,0,0,0,0,0,0,5,0,0,0,6,0,0,0,0,13,0,29,7,0,0,0,0,0,0,0,0,0,18,7,0,0,0,0,0,0,8,0,0,0,0,0
54,GSW,1610612744,2022-02-09,6,0,0,8,5,0,0,0,0,0,5,0,2,0,0,11,8,0,13,4,0,0,0,0,0,5,0,3,0,0,14,0,8,5,0,0,0,0,0,5,0,7,0,0,11,0,0,0,0,0,0,0,0,0,0,0,0,0,7,8,0,0,0,0,16,0,13,11,0,9,0,0,0,0,0,0,0,3,0,0,14,0,0,0,0,14,0,10,10,0,0,0,0,0,0,0,0,0,0,0,0,0,0,0,0,0,0,0,0,0,0,0,0,0,0,0,0,0,0,0,0,0,19,15,0,0,0,0,0,0,16,0,3,0,0,0
55,GSW,1610612744,2022-02-10,3,2,0,7,0,2,2,0,0,0,0,0,0,0,0,0,5,0,11,0,7,7,0,22,0,22,0,31,0,0,0,0,10,3,2,7,0,2,0,7,0,14,0,0,5,0,0,0,0,0,0,0,0,0,0,0,0,0,0,8,7,0,8,0,16,0,23,0,0,0,0,0,0,2,0,0,0,3,0,0,2,0,0,11,0,13,0,12,0,0,2,0,2,0,6,0,10,0,0,0,0,0,0,0,0,0,0,0,0,21,0,38,0,0,4,0,0,0,0,0,0,0,28,0,0,2,0,0,0,0,0,0,7,0,0,0
56,GSW,1610612744,2022-02-12,0,3,0,3,0,2,0,0,0,0,5,0,7,0,0,0,11,0,2,0,10,2,0,23,0,21,0,20,4,0,0,0,6,0,3,3,0,5,0,3,0,6,3,0,0,0,0,0,0,0,0,0,0,0,0,0,0,0,0,2,5,0,20,0,13,0,11,7,0,0,0,0,0,0,0,0,0,0,0,0,0,0,0,10,0,16,0,7,2,0,0,0,10,0,0,0,2,2,0,0,0,0,0,0,0,0,0,0,0,29,0,29,20,0,0,0,0,0,0,0,0,0,26,3,0,0,0,0,0,0,12,0,0,0,0,0
57,GSW,1610612744,2022-02-14,0,3,0,2,0,2,5,0,0,0,5,0,12,0,0,0,8,0,15,9,6,0,0,5,0,9,0,17,2,0,6,0,14,5,0,8,0,0,0,6,0,8,7,0,2,0,0,0,0,0,0,0,0,0,0,0,0,0,12,2,5,0,8,0,5,0,12,6,0,7,0,0,0,0,0,0,0,3,0,0,3,0,0,7,0,15,0,25,0,0,0,0,4,0,8,0,3,2,0,0,0,0,0,0,0,0,0,0,0,10,0,22,11,0,0,0,0,0,0,0,0,0,31,3,0,0,0,0,0,0,16,0,0,0,0,0
58,GSW,1610612744,2022-02-16,2,0,0,2,0,17,2,0,20,0,20,0,20,4,0,0,0,0,26,0,0,14,0,11,0,6,0,15,12,0,0,0,0,0,0,0,0,0,0,0,0,0,0,0,0,0,0,0,0,0,0,0,0,0,0,0,0,0,0,3,13,0,6,0,15,0,22,9,0,0,0,0,0,0,0,0,0,0,0,0,0,0,0,19,0,15,0,19,6,0,0,0,6,0,2,0,10,2,0,0,0,0,0,0,0,0,0,0,0,14,0,20,6,0,0,0,0,0,0,0,0,0,20,6,0,0,0,0,0,0,16,0,0,0,0,0
59,GSW,1610612744,2022-02-24,0,7,0,3,6,15,7,0,12,0,12,0,7,0,0,6,9,0,14,0,2,0,0,15,0,5,0,14,15,0,0,0,9,7,0,10,0,8,0,0,0,4,4,0,11,0,0,0,0,0,0,0,0,0,0,0,0,0,4,4,2,0,8,0,10,0,15,4,0,12,0,9,0,0,0,0,0,0,0,0,8,0,0,16,0,18,0,15,0,0,0,0,0,0,0,0,0,0,0,11,0,0,0,0,0,0,0,0,0,15,0,16,12,0,0,0,0,0,0,0,0,0,18,6,0,0,0,0,0,0,13,0,2,0,0,0
60,GSW,1610612744,2022-02-27,3,0,0,3,15,19,0,0,0,0,24,0,29,0,0,0,7,0,5,2,0,10,0,0,0,5,0,4,10,0,0,0,0,0,0,7,0,0,0,2,0,12,10,0,0,0,0,0,0,0,0,0,0,0,0,0,0,0,0,2,3,0,0,0,5,0,4,0,0,0,11,3,0,0,0,16,0,24,0,0,0,0,0,0,0,22,0,24,2,0,0,0,0,0,3,0,6,7,0,2,0,0,0,0,0,0,0,0,0,0,0,0,0,0,0,0,0,0,0,0,0,0,35,4,0,0,0,0,0,0,14,0,2,0,0,0
61,GSW,1610612744,2022-03-01,9,15,0,4,7,7,0,0,0,0,16,0,27,7,0,8,18,0,22,0,2,0,0,0,0,2,0,8,2,0,11,0,17,0,4,0,0,0,0,6,0,17,5,0,8,0,0,0,0,0,0,0,0,0,0,0,0,0,0,7,0,0,0,0,9,0,10,4,0,6,5,0,0,0,0,13,0,5,0,0,0,0,0,0,0,14,0,22,2,0,2,0,0,0,0,0,0,0,0,0,0,0,0,0,0,0,0,0,0,0,0,0,0,0,0,0,0,0,0,0,0,0,28,4,0,2,0,0,0,0,13,0,12,0,0,0
62,GSW,1610612744,2022-03-03,0,0,0,4,0,12,0,0,16,0,17,0,21,0,0,0,0,0,17,9,0,3,0,2,0,4,0,20,8,0,0,0,0,0,0,0,0,0,0,0,0,0,0,0,0,0,0,0,0,0,0,0,0,0,0,0,0,0,4,4,6,0,17,0,24,0,23,13,0,0,9,0,0,3,0,17,0,20,10,0,0,0,0,18,0,21,0,16,0,0,0,0,2,0,0,0,3,0,0,0,0,0,0,0,0,0,0,0,0,20,0,17,4,0,0,0,0,0,0,0,0,0,21,2,0,0,0,0,0,0,5,0,0,0,0,0
63,GSW,1610612744,2022-03-05,0,0,0,0,0,0,0,0,0,0,0,0,0,0,0,0,0,0,35,21,0,0,0,18,0,7,0,19,5,0,14,0,0,0,0,0,0,0,0,0,0,0,0,0,0,0,0,0,0,0,0,0,0,0,0,0,0,0,22,0,0,0,12,0,16,0,31,8,0,18,0,0,0,6,0,3,0,12,0,0,11,0,0,3,0,6,0,10,2,0,0,0,0,0,0,0,0,0,0,0,0,0,0,0,0,0,0,0,0,14,0,19,7,0,4,0,0,0,0,0,0,0,44,18,0,5,0,0,0,0,29,0,7,0,2,0
64,GSW,1610612744,2022-03-07,0,0,0,0,0,0,0,0,0,0,0,0,0,0,0,0,13,15,19,14,8,15,0,0,20,0,0,0,0,0,0,4,15,17,8,6,0,0,9,0,0,0,0,0,10,11,11,4,4,0,0,11,0,0,0,0,0,5,53,38,2,0,0,2,0,0,0,0,0,30,30,5,0,0,7,0,0,0,0,0,21,0,0,0,0,0,0,0,0,0,10,0,0,11,0,0,0,0,0,0,0,0,0,0,0,0,0,0,0,0,0,0,0,0,0,0,0,0,0,0,0,0,0,0,0,0,0,0,0,0,0,0,0,0,0,0
65,GSW,1610612744,2022-03-08,0,0,0,0,0,0,0,0,0,0,0,0,0,0,0,0,0,6,19,12,2,10,0,20,6,11,0,15,0,0,2,0,0,0,0,0,0,0,0,0,0,0,0,0,0,0,0,0,0,0,0,0,0,0,0,0,0,0,6,14,15,0,34,0,18,0,17,0,0,7,13,3,0,15,0,19,0,18,0,0,0,0,0,6,0,13,0,15,0,0,0,0,17,0,8,0,2,0,0,2,0,0,0,0,0,0,0,0,0,18,0,12,0,0,9,0,0,0,0,0,0,0,20,0,0,0,0,0,0,0,0,0,0,0,0,0
66,GSW,1610612744,2022-03-10,0,0,0,0,0,0,0,0,0,0,0,0,0,0,0,0,2,0,23,3,0,16,0,7,0,7,0,24,0,0,6,0,2,0,2,0,0,0,0,0,0,8,0,0,0,0,0,0,0,0,0,0,0,0,0,0,0,0,7,19,7,0,22,0,17,0,37,0,0,3,6,0,0,13,0,5,0,5,0,0,0,0,0,22,0,13,0,22,0,0,2,0,2,0,2,0,15,0,0,0,0,0,0,0,0,0,0,0,0,21,0,28,0,0,0,0,0,0,0,0,0,0,24,0,0,0,0,0,0,0,0,0,0,0,0,0
67,GSW,1610612744,2022-03-12,0,0,0,0,0,0,0,0,0,0,0,0,0,0,0,0,0,0,8,8,2,14,0,39,0,12,0,14,0,0,0,0,0,0,0,0,0,0,2,0,0,0,0,0,0,0,0,0,0,0,0,2,0,0,0,0,0,0,3,21,8,0,53,0,42,0,24,0,0,0,0,0,0,9,2,5,0,3,0,0,0,0,0,11,0,17,0,7,0,0,0,0,33,0,4,0,7,0,0,0,0,0,0,0,0,0,0,0,0,40,0,20,0,0,0,0,0,0,0,0,2,0,20,0,0,0,0,0,0,0,0,0,0,0,0,0
68,GSW,1610612744,2022-03-14,0,0,0,0,0,0,0,0,0,0,0,0,0,0,0,0,0,0,23,8,13,8,0,18,0,0,0,15,5,0,0,0,0,0,0,0,0,0,0,0,0,0,0,0,0,0,0,0,0,0,0,0,0,0,0,0,0,0,2,7,17,0,31,0,0,4,20,12,0,2,0,5,0,3,0,0,3,28,3,0,0,0,0,17,0,0,2,26,0,0,0,0,12,0,0,5,19,10,0,0,0,0,0,0,0,0,0,0,0,0,9,29,7,0,0,0,0,0,0,0,0,0,0,0,0,0,38,8,0,0,23,0,0,0,0,0
69,GSW,1610612744,2022-03-16,0,0,0,0,0,0,0,0,0,0,0,0,0,0,0,0,2,2,13,5,4,0,0,2,2,0,2,2,0,0,7,2,16,3,4,0,0,0,2,0,0,0,3,0,7,0,0,0,0,0,0,2,0,0,0,2,0,7,2,23,0,0,30,15,0,13,3,10,0,11,0,0,0,2,0,0,3,3,0,0,0,0,0,21,2,0,2,5,7,0,0,0,0,0,0,0,0,0,0,0,0,0,0,0,0,0,0,0,2,0,8,8,17,0,2,0,0,0,0,0,9,0,0,0,0,0,0,5,0,0,6,0,0,0,2,0
70,GSW,1610612744,2022-03-20,0,0,0,0,0,0,0,0,0,0,0,0,0,0,0,0,0,6,15,0,0,15,0,23,0,4,0,0,14,0,0,0,0,0,0,0,0,0,0,0,0,0,0,0,0,4,0,0,6,0,17,0,0,0,0,10,0,0,0,14,12,0,29,0,34,15,0,22,0,0,0,0,0,0,0,0,0,0,0,0,0,0,0,9,0,6,4,0,0,0,0,0,23,0,5,2,0,17,0,0,0,0,0,0,0,0,0,0,0,17,14,0,11,0,0,0,0,0,0,0,0,8,0,14,0,0,0,2,0,0,0,0,0,0,0,0
71,GSW,1610612744,2022-03-22,0,0,0,0,0,0,0,0,2,0,2,0,0,2,0,0,12,4,22,0,0,6,0,4,0,11,8,0,3,0,0,0,11,0,0,0,0,0,0,3,2,0,0,0,0,0,0,0,0,0,0,0,0,0,0,3,0,0,5,9,8,0,24,0,30,10,0,18,0,0,0,0,0,0,0,0,2,0,0,0,0,0,0,12,0,6,2,0,5,0,0,0,2,0,2,0,0,5,0,0,0,0,0,0,0,0,0,0,0,19,10,0,24,0,0,0,0,0,0,0,0,8,0,16,0,0,0,4,0,0,0,0,0,0,0,0
72,GSW,1610612744,2022-03-23,12,16,0,24,0,7,8,0,0,0,12,0,0,0,0,4,16,0,39,8,10,11,0,0,0,22,0,0,0,0,0,2,27,3,8,10,0,0,0,15,0,0,0,0,0,0,0,0,2,0,0,0,0,0,0,0,0,0,11,22,10,0,0,0,39,0,0,0,0,0,2,0,0,0,0,14,0,0,0,0,0,0,0,0,0,21,0,0,0,0,0,0,0,0,5,0,0,0,0,0,0,0,0,0,0,0,0,0,0,0,0,0,0,0,0,0,0,0,0,0,0,0,0,0,0,0,0,0,0,0,0,0,0,0,0,0
73,GSW,1610612744,2022-03-25,2,14,0,19,0,16,0,0,34,0,5,2,0,6,0,0,0,0,15,0,0,0,0,15,0,9,4,0,0,0,0,0,6,0,10,0,0,20,0,0,4,0,8,0,0,0,0,0,0,0,0,0,0,0,0,0,0,0,0,20,0,0,43,0,27,8,0,7,0,0,0,0,0,0,0,0,0,0,0,0,0,0,0,24,0,7,0,0,4,0,0,0,0,0,0,0,0,0,0,0,0,0,0,0,0,0,0,0,0,23,25,0,11,0,0,0,0,0,0,0,0,2,0,4,0,0,0,6,0,0,0,0,0,0,0,0
74,GSW,1610612744,2022-03-27,0,4,0,10,0,7,0,0,12,0,2,4,0,7,0,0,0,0,4,0,0,0,0,5,0,6,2,0,0,0,0,0,6,0,2,0,0,6,0,4,6,0,6,0,0,0,0,0,0,0,0,0,0,0,0,0,0,0,0,11,0,0,35,0,33,6,0,17,0,0,0,0,0,0,0,0,0,0,0,0,0,0,0,17,0,12,2,0,4,0,0,0,0,0,0,0,0,0,0,0,0,0,0,0,0,0,0,0,0,30,13,0,25,0,0,0,0,0,0,0,0,8,0,19,0,0,0,11,0,0,0,0,0,0,0,0
75,GSW,1610612744,2022-03-28,4,0,0,2,3,2,2,0,0,0,6,0,0,0,0,0,2,7,23,14,8,0,6,0,0,16,0,0,0,0,4,5,2,16,0,5,0,0,0,2,0,0,0,0,2,0,20,0,3,3,0,0,0,0,0,0,0,7,4,17,4,12,0,0,27,0,0,0,0,5,2,11,6,0,0,2,0,0,0,0,11,0,2,0,0,10,0,0,0,0,2,6,0,0,4,0,0,0,0,0,0,0,9,0,0,0,0,0,0,0,0,0,0,0,0,0,0,0,0,0,0,0,0,0,0,2,0,0,0,0,0,0,0,0,0,0
76,GSW,1610612744,2022-03-30,0,0,0,21,0,0,13,11,8,0,6,2,0,10,0,0,0,0,0,0,0,0,0,2,0,3,0,0,3,0,0,0,0,0,0,0,0,0,0,0,0,0,0,0,0,0,0,0,0,0,0,0,0,0,0,0,0,0,0,13,11,11,18,0,35,25,0,23,0,0,0,0,0,0,0,0,0,0,0,0,0,0,0,9,0,7,4,0,0,0,0,8,9,0,2,0,0,7,0,0,4,0,0,0,0,5,0,0,0,16,11,0,4,0,0,0,0,0,0,0,0,16,0,10,0,0,0,5,0,0,0,0,0,0,0,0
77,GSW,1610612744,2022-04-02,0,0,0,25,0,0,6,3,23,0,11,7,0,5,0,0,0,0,3,0,0,0,0,0,0,0,0,0,0,0,0,0,0,0,0,0,0,0,0,0,0,0,0,0,0,0,0,0,0,0,0,0,0,0,0,0,0,0,0,8,2,2,37,0,39,25,0,15,0,0,0,0,0,0,0,0,0,0,0,0,0,0,0,10,0,10,4,0,0,0,0,3,16,0,0,0,0,3,0,0,13,0,0,2,0,0,0,0,0,36,29,0,25,0,0,0,0,0,0,0,0,21,0,11,0,0,0,6,0,0,0,0,0,0,0,0
78,GSW,1610612744,2022-04-03,6,0,0,18,3,0,0,0,0,0,12,8,0,0,0,0,16,0,14,3,0,29,0,0,0,24,4,0,0,0,14,0,14,0,4,27,0,0,0,16,2,0,0,0,8,0,0,0,0,0,0,0,0,0,0,0,0,0,5,14,18,0,0,0,32,22,0,0,0,6,3,0,0,0,0,0,0,0,0,0,0,0,0,0,0,3,6,0,0,0,0,0,0,0,14,5,0,0,0,16,0,0,0,0,0,0,0,0,0,0,0,0,0,0,0,0,0,0,0,0,0,22,0,0,0,4,0,0,0,0,0,0,0,0,0,0
79,GSW,1610612744,2022-04-07,2,2,0,10,3,0,12,13,15,0,6,2,0,16,0,0,4,0,0,5,0,6,2,7,0,0,4,0,2,0,2,0,0,5,0,0,0,0,0,0,0,0,0,0,2,0,0,0,0,0,0,0,0,0,0,0,0,0,0,8,3,12,27,0,29,22,0,20,0,0,0,0,0,0,0,0,0,0,0,0,3,0,0,20,0,15,4,0,2,0,0,8,18,0,0,0,0,13,0,0,10,0,5,5,0,8,0,0,0,31,20,0,23,0,0,0,0,0,0,0,0,23,0,12,0,0,0,11,0,0,0,0,0,0,0,0
80,GSW,1610612744,2022-04-09,8,4,0,8,0,0,5,0,0,0,9,12,0,5,0,0,9,0,11,0,0,11,7,0,0,10,12,0,10,0,0,0,7,0,8,0,0,0,0,7,12,0,2,0,0,0,0,0,0,0,0,0,0,0,0,0,0,0,0,11,0,0,0,0,17,19,0,0,0,0,0,0,0,0,0,0,0,0,0,0,0,0,0,0,0,11,10,0,0,0,0,10,0,0,10,0,0,13,0,0,0,0,4,0,0,7,0,0,0,0,0,0,0,0,0,0,0,0,0,0,0,16,0,7,0,0,0,4,0,0,0,0,0,0,0,0
81,GSW,1610612744,2022-04-10,11,4,0,6,0,0,10,0,15,0,0,7,0,0,0,6,19,0,9,11,0,15,0,31,6,0,0,0,0,0,25,0,12,9,0,4,0,15,2,0,8,0,0,0,13,0,0,0,0,0,0,0,0,0,0,0,0,0,11,15,5,0,31,0,0,20,0,0,0,6,4,4,0,15,3,0,2,0,0,0,8,0,0,19,0,0,6,0,0,0,0,0,23,0,0,3,0,0,0,9,0,0,0,0,0,0,0,0,0,0,20,0,0,0,23,0,0,0,0,0,3,0,0,0,0,0,0,0,0,0,0,0,0,0,0,0
