,TEAM_NAME,TEAM_ID,"(1629001, 203937)","(1629001, 1630214)","(1629001, 1630179)","(1629001, 203500)","(1629001, 1630582)","(1629001, 1630583)","(1629001, 1630533)","(1629001, 1629630)","(1629001, 1628991)","(1629001, 1629634)","(1629001, 1626145)","(1629001, 1630217)","(1629001, 1629633)","(1629001, 1628415)","(1629001, 1629681)","(1629001, 1629723)","(203937, 1630214)","(203937, 1630179)","(203937, 203500)","(203937, 1630582)","(203937, 1630583)","(203937, 1630533)","(203937, 1629630)","(203937, 1628991)","(203937, 1629634)","(203937, 1626145)","(203937, 1630217)","(203937, 1629633)","(203937, 1628415)","(203937, 1629681)","(203937, 1629723)","(1630214, 1630179)","(1630214, 203500)","(1630214, 1630582)","(1630214, 1630583)","(1630214, 1630533)","(1630214, 1629630)","(1630214, 1628991)","(1630214, 1629634)","(1630214, 1626145)","(1630214, 1630217)","(1630214, 1629633)","(1630214, 1628415)","(1630214, 1629681)","(1630214, 1629723)","(1630179, 203500)","(1630179, 1630582)","(1630179, 1630583)","(1630179, 1630533)","(1630179, 1629630)","(1630179, 1628991)","(1630179, 1629634)","(1630179, 1626145)","(1630179, 1630217)","(1630179, 1629633)","(1630179, 1628415)","(1630179, 1629681)","(1630179, 1629723)","(203500, 1630582)","(203500, 1630583)","(203500, 1630533)","(203500, 1629630)","(203500, 1628991)","(203500, 1629634)","(203500, 1626145)","(203500, 1630217)","(203500, 1629633)","(203500, 1628415)","(203500, 1629681)","(203500, 1629723)","(1630582, 1630583)","(1630582, 1630533)","(1630582, 1629630)","(1630582, 1628991)","(1630582, 1629634)","(1630582, 1626145)","(1630582, 1630217)","(1630582, 1629633)","(1630582, 1628415)","(1630582, 1629681)","(1630582, 1629723)","(1630583, 1630533)","(1630583, 1629630)","(1630583, 1628991)","(1630583, 1629634)","(1630583, 1626145)","(1630583, 1630217)","(1630583, 1629633)","(1630583, 1628415)","(1630583, 1629681)","(1630583, 1629723)","(1630533, 1629630)","(1630533, 1628991)","(1630533, 1629634)","(1630533, 1626145)","(1630533, 1630217)","(1630533, 1629633)","(1630533, 1628415)","(1630533, 1629681)","(1630533, 1629723)","(1629630, 1628991)","(1629630, 1629634)","(1629630, 1626145)","(1629630, 1630217)","(1629630, 1629633)","(1629630, 1628415)","(1629630, 1629681)","(1629630, 1629723)","(1628991, 1629634)","(1628991, 1626145)","(1628991, 1630217)","(1628991, 1629633)","(1628991, 1628415)","(1628991, 1629681)","(1628991, 1629723)","(1629634, 1626145)","(1629634, 1630217)","(1629634, 1629633)","(1629634, 1628415)","(1629634, 1629681)","(1629634, 1629723)","(1626145, 1630217)","(1626145, 1629633)","(1626145, 1628415)","(1626145, 1629681)","(1626145, 1629723)","(1630217, 1629633)","(1630217, 1628415)","(1630217, 1629681)","(1630217, 1629723)","(1629633, 1628415)","(1629633, 1629681)","(1629633, 1629723)","(1628415, 1629681)","(1628415, 1629723)","(1629681, 1629723)"
0,MEM,1610612763,0,0,0,0,0,0,0,0,0,0,0,0,0,0,0,0,0,0,0,0,0,0,0,0,0,0,0,0,0,0,0,0,0,0,0,0,0,0,0,0,0,0,0,0,0,0,0,0,0,0,0,0,0,0,0,0,0,0,0,2,0,30,8,2,0,32,7,0,4,0,0,0,0,0,2,3,0,2,0,0,0,0,12,0,10,0,9,7,0,0,0,0,0,0,0,0,0,0,0,0,18,18,8,50,32,0,6,0,6,7,20,7,0,4,0,17,21,19,0,4,0,7,10,0,4,0,23,0,13,0,0,0,0,0,0,0
1,MEM,1610612763,0,0,0,0,0,0,0,0,0,0,0,0,0,0,0,0,0,0,0,0,0,0,0,0,0,0,0,0,0,0,0,0,0,0,0,0,0,0,0,0,0,0,0,0,0,0,0,0,0,0,0,0,0,0,0,0,0,0,0,4,9,22,4,14,14,13,2,0,5,0,0,0,0,0,0,0,0,0,0,0,0,6,12,2,4,0,10,0,0,2,0,5,8,12,13,6,2,0,0,0,18,10,8,29,4,0,13,0,15,19,13,7,0,7,0,14,15,2,0,2,0,8,6,0,0,0,2,0,11,0,0,0,0,0,0,0
2,MEM,1610612763,0,0,0,0,0,7,5,9,0,7,7,0,2,0,3,0,0,0,0,0,0,0,0,0,0,0,0,0,0,0,0,0,0,0,0,0,0,0,0,0,0,0,0,0,0,0,0,0,0,0,0,0,0,0,0,0,0,0,0,0,12,18,6,0,0,0,0,13,0,0,0,0,0,0,0,0,0,0,0,0,0,7,6,0,6,9,0,2,0,2,0,30,13,0,0,0,0,20,0,0,20,4,4,0,0,23,2,0,11,16,0,0,24,10,0,22,0,0,10,15,0,0,0,11,19,0,0,0,0,0,0,0,0,9,0,0
3,MEM,1610612763,0,0,0,0,0,4,2,0,10,13,13,15,2,0,5,0,0,0,0,0,0,0,0,0,0,0,0,0,0,0,0,0,0,0,0,0,0,0,0,0,0,0,0,0,0,0,0,0,0,0,0,0,0,0,0,0,0,0,0,0,0,0,0,0,0,0,0,0,0,0,0,0,0,0,0,0,0,0,0,0,0,4,0,0,12,8,12,8,2,6,0,0,15,6,9,15,4,0,3,0,0,0,0,0,0,0,0,0,14,25,26,5,6,14,0,18,18,4,0,7,0,19,2,6,12,0,12,2,22,0,0,3,0,5,0,0
4,MEM,1610612763,0,6,0,0,0,0,0,2,4,14,4,12,0,0,0,6,8,0,0,0,0,21,18,21,0,3,17,0,0,0,16,0,0,0,0,8,10,0,8,2,0,0,0,0,19,0,0,0,0,0,0,0,0,0,0,0,0,0,0,0,0,0,0,0,0,0,0,0,0,0,0,0,0,0,0,0,0,0,0,0,0,0,0,0,0,0,0,0,0,0,0,12,16,0,3,11,0,0,0,14,19,6,0,17,0,0,0,13,10,7,32,0,0,0,4,10,18,0,0,0,7,15,0,0,0,5,0,0,0,2,0,0,0,0,0,0
5,MEM,1610612763,2,4,0,0,0,0,2,12,0,2,5,0,0,0,0,2,6,0,0,0,0,18,21,5,8,4,13,0,0,0,0,0,0,0,0,4,16,0,4,3,3,0,0,0,0,0,0,0,0,0,0,0,0,0,0,0,0,0,0,0,0,0,0,0,0,0,0,0,0,0,0,0,0,0,0,0,0,0,0,0,0,0,0,0,0,0,0,0,0,0,0,22,18,8,10,20,0,0,0,8,11,20,16,22,0,0,0,4,6,23,11,0,0,0,9,25,10,0,0,0,4,12,0,0,0,12,0,0,0,3,0,0,0,0,0,0
6,MEM,1610612763,0,8,0,0,0,0,0,10,6,11,5,0,0,0,0,14,4,0,0,0,0,10,10,17,0,4,14,0,0,0,4,0,0,0,0,4,14,0,8,2,4,0,0,0,6,0,0,0,0,0,0,0,0,0,0,0,0,0,0,0,0,0,0,0,0,0,0,0,0,0,0,0,0,0,0,0,0,0,0,0,0,0,0,0,0,0,0,0,0,0,0,8,13,0,2,12,0,0,0,0,11,12,0,14,0,0,0,15,9,9,21,0,0,0,16,8,12,0,0,0,23,6,0,0,0,10,0,0,0,12,0,0,0,0,0,0
7,MEM,1610612763,0,0,0,4,0,0,0,2,6,0,0,4,0,0,0,0,0,0,14,0,0,9,20,2,0,3,5,0,0,0,10,0,0,0,2,0,0,0,0,0,0,4,0,0,2,0,0,0,0,0,0,0,0,0,0,0,0,0,0,0,6,17,0,2,0,4,0,0,0,4,0,0,0,0,0,0,0,0,0,0,0,0,0,0,0,0,0,2,0,0,0,18,7,13,0,14,0,0,0,2,8,12,4,19,0,0,0,9,14,6,23,0,0,0,0,0,17,0,0,0,0,6,0,0,0,0,0,0,0,0,0,0,2,0,0,0
8,MEM,1610612763,3,0,0,5,0,0,0,0,8,19,18,18,0,0,0,3,0,0,4,0,0,2,14,2,6,6,9,0,0,0,6,0,0,0,0,0,0,0,0,0,0,2,0,0,2,0,0,0,0,0,0,0,0,0,0,0,0,0,0,0,0,12,6,0,0,17,0,0,0,4,0,0,0,0,0,0,0,0,0,0,0,0,0,0,0,0,0,2,0,0,2,8,6,0,0,6,0,0,0,4,17,13,6,27,0,0,0,20,15,10,27,0,0,0,5,21,18,0,0,0,11,14,0,0,0,4,0,0,0,6,0,0,4,0,0,0
9,MEM,1610612763,0,0,0,3,0,8,7,14,9,10,0,0,3,0,0,0,0,0,0,0,0,0,0,0,0,0,0,0,0,0,0,0,0,0,0,2,2,4,0,0,0,2,0,0,2,0,0,0,0,0,0,0,0,0,0,0,0,0,0,2,10,23,14,6,0,0,3,0,0,8,0,0,0,0,0,0,0,0,0,0,0,4,10,2,10,0,0,4,0,0,4,25,25,9,0,0,0,0,0,13,36,28,0,0,12,0,0,21,10,0,0,6,0,0,18,0,0,7,0,0,6,0,0,0,0,0,0,0,0,0,0,0,6,0,0,0
10,MEM,1610612763,0,0,0,13,0,0,11,22,8,18,0,0,11,0,0,5,0,0,0,0,0,0,0,0,0,0,0,0,0,0,0,0,0,0,0,4,3,4,0,0,0,0,0,0,0,0,0,0,0,0,0,0,0,0,0,0,0,0,0,0,12,36,16,4,0,0,5,0,0,5,0,0,0,0,0,0,0,0,0,0,0,0,0,0,0,0,0,0,0,0,0,29,27,9,0,0,7,0,0,16,27,18,0,0,15,0,0,23,2,0,0,7,0,0,18,0,0,6,0,0,4,0,0,0,0,0,0,0,0,0,0,0,3,0,0,0
11,MEM,1610612763,0,13,0,4,0,5,5,27,15,0,0,0,2,0,16,2,0,0,0,0,0,0,0,0,0,0,0,0,0,0,0,0,0,0,6,2,4,4,0,0,0,0,0,11,6,0,0,0,0,0,0,0,0,0,0,0,0,0,0,0,9,28,11,0,0,0,0,0,2,2,0,0,0,0,0,0,0,0,0,0,0,7,10,0,0,0,0,0,0,4,2,23,9,0,0,0,0,0,0,4,31,0,0,0,2,0,14,12,0,0,0,0,0,9,4,0,0,0,0,0,0,0,0,0,0,0,0,0,0,0,0,0,0,0,0,7
12,MEM,1610612763,0,0,0,6,0,0,4,26,5,8,0,6,0,0,9,4,0,0,0,0,0,0,0,0,0,0,0,0,0,0,0,0,0,0,0,0,0,0,0,0,0,0,0,0,0,0,0,0,0,0,0,0,0,0,0,0,0,0,0,0,8,27,13,0,0,11,0,0,5,2,0,0,0,0,0,0,0,0,0,0,0,0,0,0,0,0,0,0,0,0,0,17,23,7,0,16,0,0,3,5,25,14,0,24,0,0,22,22,10,0,32,0,0,0,10,0,12,0,0,6,6,0,0,0,0,0,0,0,2,6,0,0,0,0,0,0
13,MEM,1610612763,0,0,0,7,0,0,6,28,8,22,0,5,0,0,15,9,0,0,0,0,0,0,0,0,0,0,0,0,0,0,0,0,0,0,0,0,0,0,0,0,0,0,0,0,0,0,0,0,0,0,0,0,0,0,0,0,0,0,0,0,10,16,10,0,0,12,0,0,2,0,0,0,0,0,0,0,0,0,0,0,0,0,0,0,0,0,0,0,0,0,0,20,18,4,0,18,0,0,0,4,17,22,0,17,0,0,17,2,15,0,31,0,0,0,12,0,10,0,0,15,18,0,0,0,0,0,0,0,0,9,0,0,0,0,0,5
14,MEM,1610612763,15,0,0,15,0,0,0,34,0,8,0,9,0,0,2,14,2,0,6,2,2,0,19,0,2,0,3,2,0,0,5,0,0,0,0,0,0,0,0,0,0,0,0,0,0,0,0,0,0,0,0,0,0,0,0,0,0,0,0,0,0,32,5,2,0,16,0,0,5,13,0,0,0,0,0,0,0,0,0,0,0,0,0,0,0,0,0,0,0,0,0,0,0,0,0,0,0,0,0,0,20,14,0,30,0,0,5,25,12,0,20,0,0,7,9,0,14,0,0,12,6,0,0,0,0,0,0,0,10,17,0,0,0,0,0,6
15,MEM,1610612763,4,0,0,4,0,0,4,12,2,4,0,2,0,0,0,2,0,0,2,0,0,4,16,0,2,2,7,0,0,0,0,0,0,0,0,0,0,0,0,0,0,0,0,0,0,0,0,0,0,0,0,0,0,0,0,0,0,0,0,0,12,30,17,0,2,26,0,0,0,0,0,0,0,0,0,0,0,0,0,0,0,0,0,0,0,0,0,0,0,0,0,30,13,0,0,26,0,0,0,0,25,4,2,45,0,0,0,2,6,12,39,0,0,0,4,6,7,0,0,0,4,12,0,0,0,4,0,0,0,5,0,0,0,0,0,0
16,MEM,1610612763,18,0,0,9,0,0,24,20,2,7,4,3,0,0,0,2,0,0,4,0,0,16,12,0,2,2,0,0,0,0,0,0,0,0,0,0,0,0,0,0,0,0,0,0,0,0,0,0,0,0,0,0,0,0,0,0,0,0,0,0,21,20,10,0,0,11,0,0,0,0,0,0,0,0,0,0,0,0,0,0,0,0,0,0,0,0,0,0,0,0,0,37,20,4,0,18,0,0,0,0,21,2,0,24,0,0,0,0,16,11,32,0,0,0,10,8,7,0,0,0,7,2,0,0,0,7,0,0,0,3,0,0,0,0,0,0
17,MEM,1610612763,10,7,0,12,0,0,11,22,10,8,12,0,2,0,2,6,5,0,10,0,0,2,14,0,0,4,4,0,0,0,3,0,0,0,0,0,0,0,0,3,0,2,0,5,0,0,0,0,0,0,0,0,0,0,0,0,0,0,0,0,14,17,12,0,18,12,0,0,0,9,0,0,0,0,0,0,0,0,0,0,0,0,0,0,0,0,0,0,0,0,0,28,23,5,6,10,0,0,0,0,31,20,0,17,0,0,0,12,16,10,19,0,0,0,6,2,7,0,0,0,4,9,0,0,0,7,0,0,0,8,0,0,0,0,0,0
18,MEM,1610612763,11,0,0,11,0,0,4,16,11,14,2,6,3,0,0,8,0,0,2,0,0,6,21,10,16,4,2,2,0,0,13,0,0,0,0,0,0,0,0,0,0,0,0,0,0,0,0,0,0,0,0,0,0,0,0,0,0,0,0,0,6,28,10,0,0,8,0,0,0,7,0,0,0,0,0,0,0,0,0,0,0,0,0,0,0,0,0,0,0,0,0,24,12,8,0,6,7,0,0,6,16,7,0,14,0,0,0,16,13,16,17,0,0,0,2,17,8,7,0,0,20,9,0,0,0,8,0,0,0,3,0,0,3,0,0,0
19,MEM,1610612763,21,0,0,15,0,0,5,15,3,9,7,6,5,0,0,11,0,0,12,0,0,11,19,0,10,4,9,9,0,0,7,0,0,0,0,0,0,0,0,0,0,0,0,0,0,0,0,0,0,0,0,0,0,0,0,0,0,0,0,0,16,23,12,0,0,14,3,0,0,0,0,0,0,0,0,0,0,0,0,0,0,0,0,0,0,0,0,0,0,0,0,17,9,2,0,9,7,0,0,0,11,7,3,16,0,0,0,2,4,0,21,0,0,0,0,8,10,2,0,0,11,13,0,0,0,5,0,0,0,9,0,0,0,0,0,0
20,MEM,1610612763,7,0,0,7,0,0,7,15,0,10,0,0,0,0,0,6,0,0,2,0,0,4,12,0,12,2,2,0,0,0,8,0,0,0,0,0,0,0,0,0,0,0,0,0,0,0,0,0,0,0,0,0,0,0,0,0,0,0,0,0,10,22,10,0,2,20,0,0,0,2,0,0,0,0,0,0,0,0,0,0,0,0,0,0,0,0,0,0,0,0,0,20,5,10,0,12,0,0,0,0,17,24,8,27,0,0,0,2,20,11,30,0,0,0,11,8,14,0,0,0,16,12,0,0,0,8,0,0,0,5,0,0,0,0,0,0
21,MEM,1610612763,8,0,0,16,0,0,8,0,2,8,24,4,2,0,0,6,0,0,4,0,0,4,0,0,4,13,2,0,0,0,0,0,0,0,0,0,0,0,0,0,0,0,0,0,0,0,0,0,0,0,0,0,0,0,0,0,0,0,0,0,21,0,21,4,37,12,0,0,0,0,0,0,0,0,0,0,0,0,0,0,0,0,0,0,0,0,0,0,0,0,0,0,12,2,16,6,2,0,0,0,0,0,0,0,0,0,0,0,16,18,20,10,0,0,13,13,21,8,0,0,17,13,0,0,0,16,2,0,0,8,0,0,3,0,0,0
22,MEM,1610612763,0,0,0,6,0,0,0,21,5,9,0,13,0,0,0,3,0,0,0,0,0,0,9,0,2,0,0,0,0,0,3,0,0,0,0,0,0,0,0,0,0,0,0,0,0,0,0,0,0,0,0,0,0,0,0,0,0,0,0,0,6,21,6,6,4,22,0,0,0,2,0,0,0,0,0,0,0,0,0,0,0,0,0,0,0,0,0,0,0,0,0,16,10,6,0,18,0,0,0,0,10,18,4,33,0,0,0,8,4,2,18,0,0,0,0,8,22,0,0,0,7,13,0,0,0,2,0,0,0,3,0,0,0,0,0,0
23,MEM,1610612763,10,0,0,9,0,0,20,17,2,3,6,3,0,0,0,2,0,0,6,0,0,14,6,0,0,0,0,0,0,0,0,0,0,0,0,0,0,0,0,0,0,0,0,0,0,0,0,0,0,0,0,0,0,0,0,0,0,0,0,0,15,10,6,0,4,8,0,0,0,4,0,0,0,0,0,0,0,0,0,0,0,0,0,0,0,0,0,0,0,0,0,23,11,2,2,10,0,0,0,0,14,16,0,16,0,0,0,2,14,7,19,0,0,0,11,3,15,0,0,0,13,2,0,0,0,8,0,0,0,7,0,0,0,0,0,0
24,MEM,1610612763,13,0,0,9,0,0,11,23,6,0,6,0,0,0,0,0,0,0,10,0,0,13,26,2,0,4,3,0,0,0,0,0,0,0,0,0,0,0,0,0,0,0,0,0,0,0,0,0,0,0,0,0,0,0,0,0,0,0,0,0,17,41,8,0,4,13,0,0,0,2,0,0,0,0,0,0,0,0,0,0,0,0,0,0,0,0,0,0,0,0,0,36,4,0,0,7,0,0,0,0,21,0,5,19,0,0,0,0,8,11,15,0,0,0,2,9,8,0,0,0,4,13,0,0,0,5,0,0,0,2,0,0,0,0,0,0
25,MEM,1610612763,16,0,0,10,0,0,8,41,0,6,8,2,0,0,0,0,0,0,11,0,0,5,36,0,10,14,8,0,0,0,0,0,0,0,0,0,0,0,0,0,0,0,0,0,0,0,0,0,0,0,0,0,0,0,0,0,0,0,0,0,4,48,5,0,0,7,0,0,0,0,0,0,0,0,0,0,0,0,0,0,0,0,0,0,0,0,0,0,0,0,0,36,5,0,0,5,0,0,0,0,24,6,6,28,0,0,2,0,0,3,7,0,0,3,0,21,8,0,0,7,0,13,0,0,10,0,0,0,5,0,0,0,0,0,0,0
26,MEM,1610612763,9,0,0,2,0,0,4,17,11,5,0,3,0,0,0,0,0,0,2,0,0,7,32,10,4,0,11,0,0,0,0,0,0,0,0,0,0,0,0,0,0,0,0,0,0,0,0,0,0,0,0,0,0,0,0,0,0,0,0,0,2,22,15,4,3,12,0,0,0,0,0,0,0,0,0,0,0,0,0,0,0,0,0,0,0,0,0,0,0,0,0,7,18,0,0,3,0,0,0,0,37,15,5,29,0,0,0,5,8,7,30,0,0,0,4,8,15,0,0,0,8,11,0,0,0,0,0,0,0,3,0,0,0,0,0,0
27,MEM,1610612763,14,9,0,9,0,0,13,13,0,4,7,0,4,0,4,6,0,0,9,0,0,13,15,0,6,9,0,0,0,0,4,0,0,0,0,0,0,0,0,0,0,5,0,5,5,0,0,0,0,0,0,0,0,0,0,0,0,0,0,0,12,23,0,0,0,13,0,0,0,0,0,0,0,0,0,0,0,0,0,0,0,0,0,0,0,0,0,0,0,0,0,25,2,0,0,13,0,0,0,0,13,2,8,26,0,0,0,0,10,10,27,0,0,0,4,21,14,0,0,0,10,16,0,0,0,11,0,0,0,10,0,0,0,0,0,0
28,MEM,1610612763,2,0,0,10,0,0,0,12,0,8,6,15,0,0,0,0,0,0,4,0,0,0,8,0,2,7,11,0,0,0,6,0,0,0,0,0,0,0,0,0,0,0,0,0,0,0,0,0,0,0,0,0,0,0,0,0,0,0,0,0,14,32,12,10,6,31,0,0,0,2,0,0,0,0,0,0,0,0,0,0,0,0,0,0,0,0,0,0,0,0,0,12,6,0,2,8,0,0,0,0,6,8,4,21,0,0,0,0,6,4,17,0,0,0,4,13,21,0,0,0,4,20,0,0,0,7,0,0,0,11,0,0,0,0,0,0
29,MEM,1610612763,10,0,0,9,0,0,11,12,3,8,11,5,0,0,0,3,0,0,4,0,0,5,10,0,0,7,0,0,0,0,0,0,0,4,0,0,0,0,0,0,0,2,0,2,4,0,0,0,0,0,0,0,0,0,0,0,0,0,0,0,18,22,16,0,5,20,0,0,0,0,0,0,0,0,0,0,0,2,0,2,4,0,0,0,0,0,0,0,0,0,0,30,21,0,0,23,0,0,0,0,24,0,3,28,0,0,0,0,12,4,37,0,0,0,6,12,13,0,0,2,12,9,0,0,0,2,0,0,0,7,0,0,2,0,0,2
30,MEM,1610612763,12,0,0,6,0,0,10,10,0,8,9,0,0,0,0,4,0,0,4,0,0,13,14,0,8,4,3,0,0,0,4,0,0,0,0,0,0,0,0,0,0,0,0,0,0,0,0,0,0,0,0,0,0,0,0,0,0,0,0,0,17,19,4,2,0,10,0,0,0,0,0,0,0,0,0,0,0,0,0,0,0,0,0,0,0,0,0,0,0,0,0,26,4,4,0,13,0,0,0,0,21,20,12,25,0,0,0,12,12,15,17,0,0,0,10,15,6,0,0,0,10,4,0,0,0,13,0,0,0,4,0,0,0,0,0,0
31,MEM,1610612763,10,0,0,2,0,0,8,4,0,6,7,2,0,4,0,0,0,0,2,0,0,12,8,0,8,9,2,0,2,0,0,0,0,0,0,0,0,0,0,0,0,0,0,0,0,0,0,0,0,0,0,0,0,0,0,0,0,0,0,0,3,18,18,0,3,20,0,17,0,0,0,0,0,0,0,0,0,0,0,0,0,0,0,0,0,0,0,0,0,0,0,11,7,14,17,13,0,0,0,0,18,6,5,29,0,15,0,0,8,9,27,0,21,0,0,17,7,0,12,0,0,3,0,6,0,0,0,18,0,0,0,0,0,0,0,0
32,MEM,1610612763,19,8,0,10,0,0,24,0,0,11,13,7,7,2,3,10,0,0,8,0,0,15,0,0,2,9,2,2,0,0,2,0,0,0,0,0,0,0,0,0,0,9,0,5,8,0,0,0,0,0,0,0,0,0,0,0,0,0,0,0,12,0,16,0,17,18,0,8,0,0,0,0,0,0,0,0,0,0,0,0,0,0,0,0,0,0,0,0,0,0,0,0,0,3,13,5,0,0,0,0,0,0,0,0,0,0,0,0,18,13,30,0,22,0,12,3,18,0,18,0,18,13,0,5,0,2,0,20,0,8,0,2,7,0,12,3
33,MEM,1610612763,2,0,0,5,0,0,0,9,10,9,0,8,0,5,0,0,4,0,8,0,0,6,16,0,2,0,13,2,0,0,3,0,0,0,0,6,0,0,0,0,0,6,0,0,7,0,0,0,0,0,0,0,0,0,0,0,0,0,0,0,2,20,2,0,0,15,0,6,0,0,0,0,0,0,0,0,0,0,0,0,0,0,0,0,0,0,0,0,0,0,0,4,0,2,0,5,4,0,0,5,14,6,0,33,0,22,0,0,14,10,5,0,23,0,0,4,5,0,9,0,0,0,0,5,0,0,0,11,0,0,0,0,5,0,0,0
34,MEM,1610612763,16,0,0,9,0,0,20,0,5,11,23,9,0,4,0,0,3,0,6,0,0,17,0,0,0,11,5,3,0,0,5,0,0,0,0,4,0,0,0,0,0,0,0,0,2,0,0,0,0,0,0,0,0,0,0,0,0,0,0,0,8,0,5,2,14,7,0,11,0,0,0,0,0,0,0,0,0,0,0,0,0,0,0,0,0,0,0,0,0,0,0,0,0,5,14,5,4,7,0,6,0,0,0,0,0,0,0,0,12,7,25,0,22,0,6,2,18,0,13,0,6,14,0,14,0,0,0,35,0,10,0,0,2,0,5,0
35,MEM,1610612763,21,0,0,14,0,0,2,0,13,20,18,20,0,19,0,10,0,0,11,0,0,0,0,0,0,15,0,0,15,0,0,0,0,0,0,0,0,0,0,0,0,0,0,0,0,0,0,0,0,0,0,0,0,0,0,0,0,0,0,0,0,0,9,0,15,5,0,18,0,0,0,0,0,0,0,0,0,0,0,0,0,0,0,0,0,0,0,0,0,0,0,0,0,2,2,7,0,0,0,3,0,0,0,0,0,0,0,0,17,15,32,0,17,0,5,4,33,0,8,0,11,17,0,23,0,0,0,19,0,8,0,0,0,0,4,0
36,MEM,1610612763,19,7,0,14,0,0,11,0,3,0,23,16,0,0,0,10,11,0,2,0,2,5,0,0,0,8,13,4,0,0,14,0,0,0,10,9,0,0,0,0,14,8,0,0,26,0,0,0,0,0,0,0,0,0,0,0,0,0,0,0,6,0,22,0,17,25,0,0,0,2,0,0,0,0,0,0,0,0,0,0,0,3,0,2,0,0,5,2,0,0,11,0,18,0,11,16,3,0,0,7,0,0,0,0,0,0,0,0,0,26,30,0,0,0,2,0,0,0,0,0,0,21,0,0,0,2,0,0,0,17,0,0,7,0,0,0
37,MEM,1610612763,27,11,0,15,0,0,9,0,8,0,25,2,0,19,0,0,7,0,4,0,0,5,0,6,0,5,7,0,8,0,0,0,0,4,6,9,0,4,0,0,13,6,0,0,7,0,0,0,0,0,0,0,0,0,0,0,0,0,0,0,0,0,2,0,14,11,0,22,0,0,2,0,0,0,0,0,0,2,0,0,0,0,0,0,0,0,0,4,0,0,2,0,11,0,0,18,0,0,0,10,0,0,0,0,0,0,0,0,0,13,22,0,18,0,7,0,0,0,0,0,0,16,0,28,0,0,0,21,0,12,0,0,2,0,0,0
38,MEM,1610612763,15,12,0,15,0,0,13,0,0,16,14,24,0,11,0,0,8,0,8,0,0,6,0,0,0,8,21,0,19,0,4,0,0,0,0,7,0,0,8,0,11,2,4,0,2,0,0,0,0,0,0,0,0,0,0,0,0,0,0,0,0,0,0,0,12,12,0,21,0,0,0,0,0,0,0,0,0,0,0,0,0,0,0,0,0,0,0,0,0,0,0,0,0,11,2,14,4,0,0,2,0,0,0,0,0,0,0,0,0,0,0,0,0,0,0,0,10,4,4,0,4,14,0,19,0,2,0,11,0,2,0,0,2,0,14,0
39,MEM,1610612763,20,0,0,12,0,0,8,0,0,10,24,7,0,16,0,0,0,0,6,0,0,2,0,0,4,12,4,0,13,0,0,0,0,0,0,0,0,0,0,0,0,0,0,0,0,0,0,0,0,0,0,0,0,0,0,0,0,0,0,0,0,0,11,0,24,10,0,23,0,2,0,0,0,0,0,0,0,0,0,0,0,0,0,0,0,0,0,0,0,0,0,0,2,11,0,5,0,0,0,2,0,0,0,0,0,0,0,0,7,24,20,0,18,0,0,7,12,0,3,0,7,22,0,43,0,0,0,17,0,8,0,0,0,0,0,0
40,MEM,1610612763,14,16,0,0,0,9,10,0,0,11,0,0,0,21,0,5,12,0,0,0,6,6,0,0,8,0,0,2,12,0,2,0,0,0,8,16,0,0,6,0,0,4,23,0,7,0,0,0,0,0,0,0,0,0,0,0,0,0,0,0,0,0,0,0,0,0,0,0,0,0,0,0,0,0,0,0,0,0,0,0,0,11,0,0,12,0,0,6,8,0,15,0,0,17,0,0,2,34,0,25,0,0,0,0,0,0,0,0,0,0,0,0,0,0,0,0,0,0,21,0,18,0,0,0,0,0,0,0,0,0,0,0,4,0,25,0
41,MEM,1610612763,3,0,0,4,0,0,4,0,11,11,20,3,0,0,0,0,9,0,0,0,0,2,0,14,2,2,11,0,0,0,5,0,0,0,0,0,0,10,0,3,6,0,0,0,4,0,0,0,0,0,0,0,0,0,0,0,0,0,0,0,7,0,6,2,20,17,0,0,0,0,0,0,0,0,0,0,0,0,0,0,0,0,0,0,0,0,0,0,0,0,0,0,18,2,29,22,0,0,0,0,0,0,0,0,0,0,0,0,2,24,38,0,0,0,6,15,2,0,0,0,0,25,0,0,0,3,0,0,0,2,0,0,0,0,0,0
42,MEM,1610612763,17,2,0,6,0,4,6,0,3,8,8,0,0,8,0,5,4,0,7,0,6,4,0,3,6,9,0,0,9,0,5,0,0,4,10,5,0,0,0,0,0,0,0,0,7,0,0,0,0,0,0,0,0,0,0,0,0,0,0,0,0,0,6,0,7,14,0,14,0,0,4,5,0,0,0,0,0,0,0,0,2,5,0,0,0,0,0,0,0,0,9,0,8,15,0,3,0,2,0,8,0,0,0,0,0,0,0,0,6,7,21,0,14,0,5,2,2,0,2,0,13,15,0,17,0,0,0,22,0,3,0,0,0,0,3,0
43,MEM,1610612763,17,3,0,4,0,0,14,14,2,24,8,0,0,17,0,2,0,0,2,0,0,15,12,0,19,7,0,0,9,0,0,0,0,3,0,7,0,0,0,0,0,0,0,0,5,0,0,0,0,0,0,0,0,0,0,0,0,0,0,0,0,14,7,0,0,13,0,22,0,0,0,4,0,0,0,0,0,0,0,0,2,0,0,0,0,0,0,0,0,0,0,6,6,26,14,11,0,0,0,6,11,12,0,17,0,29,0,0,8,0,21,0,17,0,0,18,11,0,7,0,0,5,0,2,0,0,0,23,0,0,0,0,0,0,0,0
44,MEM,1610612763,15,10,0,0,6,5,18,0,0,0,0,0,5,0,0,14,11,0,0,6,6,22,0,0,0,0,0,6,0,0,15,0,0,6,13,20,0,0,0,0,0,12,0,0,15,0,0,0,0,0,0,0,0,0,0,0,0,0,0,0,0,0,0,0,0,0,0,0,0,0,15,0,0,0,0,0,0,18,0,0,15,13,0,0,0,0,0,28,0,0,25,0,0,0,0,0,6,0,0,24,0,0,0,0,0,0,0,0,0,0,0,0,0,0,0,0,0,0,0,0,0,0,0,0,0,0,0,0,0,0,0,0,23,0,0,0
45,MEM,1610612763,0,0,0,13,0,0,14,32,29,15,20,19,0,0,0,0,0,0,7,0,0,8,23,5,0,9,9,0,0,0,12,0,0,0,0,0,0,0,0,0,0,0,0,0,0,0,0,0,0,0,0,0,0,0,0,0,0,0,0,0,2,33,2,6,5,21,0,0,0,8,0,0,0,0,0,0,0,0,0,0,0,0,0,0,0,0,0,0,0,0,0,6,12,5,9,0,0,0,0,2,23,2,0,47,0,0,0,16,11,15,10,0,0,0,0,9,4,0,0,0,4,0,0,0,0,3,0,0,0,10,0,0,0,0,0,0
46,MEM,1610612763,9,0,0,19,0,0,8,36,35,4,2,28,0,0,0,7,0,0,8,0,0,0,10,2,0,0,0,0,0,0,2,0,0,0,0,0,0,0,0,0,0,0,0,0,0,0,0,0,0,0,0,0,0,0,0,0,0,0,0,0,0,30,7,0,0,28,0,0,0,8,0,0,0,0,0,0,0,0,0,0,0,0,0,0,0,0,0,0,0,0,0,0,15,8,6,3,0,0,0,0,22,2,0,38,0,0,0,8,14,9,21,0,0,0,0,2,5,0,0,0,0,0,0,0,0,0,0,0,0,0,0,0,0,0,0,0
47,MEM,1610612763,0,2,0,25,0,0,0,31,21,0,4,20,0,0,0,0,4,0,2,0,0,3,15,2,4,2,11,0,0,0,0,0,6,0,0,9,10,5,6,8,6,0,0,0,0,0,0,0,0,0,0,0,0,0,0,0,0,0,0,0,4,35,13,2,10,24,0,0,0,0,0,0,0,0,0,0,0,0,0,0,0,0,0,0,0,0,0,0,0,0,0,7,3,7,4,0,0,0,0,0,29,11,0,41,0,0,0,0,0,3,12,0,0,0,0,0,7,0,0,0,0,4,0,0,0,0,0,0,0,0,0,0,0,0,0,0
48,MEM,1610612763,0,3,0,4,0,0,0,13,5,0,0,13,0,0,0,0,3,0,0,0,0,6,10,3,6,10,12,0,0,0,5,0,0,0,0,3,3,0,0,0,2,0,0,0,0,0,0,0,0,0,0,0,0,0,0,0,0,0,0,0,0,7,6,0,0,12,0,0,0,0,0,0,0,0,0,0,0,0,0,0,0,0,0,0,0,0,0,7,0,7,11,11,0,7,5,2,0,0,0,6,8,12,0,20,0,0,0,0,7,10,18,0,0,0,2,7,10,0,0,0,9,11,0,0,0,6,0,0,0,3,0,0,4,0,0,4
49,MEM,1610612763,8,5,0,8,0,0,5,21,15,0,3,10,0,0,0,0,4,0,6,0,0,10,18,5,0,2,9,0,0,0,0,0,0,0,0,6,9,10,0,7,13,0,0,0,2,0,0,0,0,0,0,0,0,0,0,0,0,0,0,0,4,23,6,0,2,10,0,0,0,0,0,0,0,0,0,0,0,0,0,0,0,0,0,0,0,0,0,0,0,0,0,14,3,0,5,10,0,0,0,0,17,0,6,30,0,0,0,0,0,11,22,0,0,0,5,0,0,0,0,0,0,11,0,0,0,2,0,0,0,3,0,0,0,0,0,0
50,MEM,1610612763,19,8,0,10,0,0,11,21,6,0,10,8,0,0,0,0,10,0,2,0,0,16,10,3,0,9,8,0,0,0,0,0,0,0,0,2,2,2,0,5,0,0,0,0,0,0,0,0,0,0,0,0,0,0,0,0,0,0,0,0,5,13,4,0,0,6,0,0,0,0,0,0,0,0,0,0,0,0,0,0,0,0,0,0,0,0,0,0,0,0,2,9,0,0,0,8,0,0,0,0,10,0,4,28,0,0,0,2,0,5,20,0,0,0,0,0,0,0,0,0,2,9,0,0,0,3,0,0,0,0,0,0,0,0,0,2
51,MEM,1610612763,6,2,0,11,0,0,0,22,14,0,6,13,0,0,0,0,7,0,8,0,0,8,24,0,0,14,9,0,0,0,0,0,0,0,0,6,4,6,0,22,13,0,0,0,8,0,0,0,0,0,0,0,0,0,0,0,0,0,0,0,5,29,13,0,5,10,0,0,0,0,0,0,0,0,0,0,0,0,0,0,0,0,0,0,0,0,0,0,0,0,0,13,2,0,10,0,0,0,0,2,21,0,11,21,0,0,0,0,0,6,15,0,0,0,0,0,0,0,0,0,0,19,0,0,0,14,0,0,0,5,0,0,0,0,0,0
52,MEM,1610612763,9,0,0,16,0,0,0,26,17,0,0,23,0,0,0,0,5,0,11,0,0,25,21,9,0,7,5,0,0,0,5,0,0,0,0,0,0,0,0,2,0,0,0,0,0,0,0,0,0,0,0,0,0,0,0,0,0,0,0,0,13,22,7,0,0,15,0,0,0,0,0,0,0,0,0,0,0,0,0,0,0,0,0,0,0,0,0,0,0,0,0,19,14,0,16,2,0,0,0,2,13,0,0,19,0,0,0,0,0,19,28,0,0,0,12,0,0,0,0,0,0,9,0,0,0,7,0,0,0,2,0,0,0,0,0,0
53,MEM,1610612763,0,0,0,8,0,0,3,10,11,0,0,11,0,0,0,0,6,0,0,0,0,9,4,2,0,4,2,0,0,0,0,0,0,0,0,12,8,0,0,10,0,0,0,0,2,0,0,0,0,0,0,0,0,0,0,0,0,0,0,0,3,10,11,0,2,13,0,0,0,2,0,0,0,0,0,0,0,0,0,0,0,0,0,0,8,0,0,6,0,2,0,13,2,0,10,2,0,0,0,0,11,0,6,13,0,0,0,0,0,4,14,0,0,0,6,0,0,10,0,6,0,2,0,0,0,6,0,0,0,4,0,4,0,0,0,0
54,MEM,1610612763,10,0,0,15,0,0,0,33,25,8,0,23,0,0,0,0,6,0,2,0,0,0,26,14,19,6,13,0,0,0,3,0,0,0,0,0,3,2,6,5,0,0,0,0,4,0,0,0,0,0,0,0,0,0,0,0,0,0,0,0,0,8,4,0,0,8,0,0,0,0,0,0,0,0,0,0,0,0,0,0,0,0,0,0,0,0,0,0,0,0,0,0,0,0,0,0,0,0,0,0,28,25,7,24,0,0,0,0,9,7,15,0,0,0,4,10,14,0,0,0,4,7,0,0,0,9,0,0,0,6,0,0,0,0,0,0
55,MEM,1610612763,6,0,0,13,0,0,0,21,26,0,7,2,0,14,0,7,0,0,2,0,0,0,18,9,6,2,2,0,23,0,8,0,0,0,0,0,0,0,0,0,0,0,0,0,0,0,0,0,0,0,0,0,0,0,0,0,0,0,0,0,0,25,20,0,2,8,0,16,0,2,0,0,0,0,0,0,0,0,0,0,0,0,0,0,0,0,0,0,0,0,0,0,0,0,0,0,0,0,0,0,40,6,0,17,0,30,0,10,0,0,14,0,17,0,0,0,0,0,5,0,6,0,0,2,0,0,0,3,0,0,0,0,0,0,7,0
56,MEM,1610612763,0,0,0,7,0,0,0,15,5,0,0,3,0,0,0,0,0,0,2,0,0,2,12,10,0,0,0,0,0,0,2,0,0,0,2,0,0,0,8,5,0,0,0,0,5,0,0,0,0,0,0,0,0,0,0,0,0,0,0,0,4,16,4,0,0,9,0,0,0,0,2,0,0,0,0,0,0,0,0,0,0,0,0,0,6,0,0,0,0,0,5,10,8,2,2,4,0,0,0,0,23,8,6,14,0,0,0,2,8,12,7,0,0,0,14,9,9,0,0,0,11,9,0,0,0,7,0,0,0,7,0,0,0,0,0,0
57,MEM,1610612763,13,0,0,8,0,0,0,15,0,0,0,13,0,2,0,0,0,0,17,0,0,2,26,0,0,0,16,0,5,0,0,0,0,0,0,0,0,0,0,0,0,0,0,0,0,0,0,0,0,0,0,0,0,0,0,0,0,0,0,0,4,24,4,4,2,22,0,19,0,0,0,0,0,0,0,0,0,0,0,0,0,0,0,0,0,0,0,0,0,0,0,5,2,6,2,0,0,9,0,0,9,0,0,30,0,24,0,0,0,0,7,0,15,0,0,2,0,0,7,0,0,0,0,2,0,0,0,20,0,0,0,0,0,0,0,0
58,MEM,1610612763,20,0,0,3,0,0,5,15,2,4,4,9,0,0,0,0,0,0,5,0,0,8,22,5,9,7,19,0,0,0,0,0,0,0,6,0,0,0,2,0,0,7,0,0,2,0,0,0,0,0,0,0,0,0,0,0,0,0,0,0,0,16,12,0,0,9,0,6,0,0,0,0,0,0,0,0,0,0,0,0,0,0,0,0,0,0,0,9,0,0,4,0,2,11,11,0,0,9,0,0,30,2,0,31,0,14,0,0,8,8,14,0,27,0,0,14,2,0,13,0,2,0,0,15,0,0,0,7,0,0,0,0,5,0,0,0
59,MEM,1610612763,5,0,0,0,0,0,5,6,10,20,11,2,0,6,0,0,0,0,6,0,0,4,27,4,4,0,11,0,4,0,0,0,0,0,2,0,0,0,0,0,0,0,0,2,2,0,0,0,0,0,0,0,0,0,0,0,0,0,0,0,2,26,10,0,0,18,0,14,0,0,0,0,0,0,0,0,0,0,0,0,0,0,0,0,0,0,0,0,0,0,0,9,14,4,7,2,0,0,0,0,18,4,0,42,0,29,0,0,15,13,16,0,23,0,0,17,2,0,13,0,0,0,0,3,0,0,0,26,0,0,0,0,0,0,0,0
60,MEM,1610612763,0,0,0,0,0,0,0,0,0,0,0,0,0,0,0,0,0,0,4,0,0,0,2,6,0,3,16,0,0,0,0,0,0,0,6,10,0,0,2,14,2,6,0,3,6,0,0,0,0,0,0,0,0,0,0,0,0,0,0,0,3,4,4,0,0,16,0,0,0,0,0,0,0,0,0,0,0,0,0,0,0,4,0,0,0,3,0,6,0,5,2,9,0,5,14,5,0,0,0,4,6,8,0,22,0,0,0,0,4,5,16,0,0,0,2,10,4,0,0,0,0,0,0,0,0,13,0,0,0,0,0,7,4,0,0,3
61,MEM,1610612763,0,0,0,0,0,0,0,0,0,0,0,0,0,0,0,0,0,0,5,0,0,0,15,28,0,2,23,0,0,0,6,0,0,0,0,0,0,0,0,0,0,0,0,0,0,0,0,0,0,0,0,0,0,0,0,0,0,0,0,0,7,11,9,4,0,23,0,0,0,0,0,0,0,0,0,0,0,0,0,0,0,0,0,0,0,0,0,0,0,0,0,26,5,13,0,19,0,0,0,6,22,19,0,34,0,0,0,13,5,10,37,0,0,0,14,2,16,0,0,0,6,2,0,0,0,4,0,0,0,2,0,0,0,0,0,0
62,MEM,1610612763,0,0,0,0,0,0,0,0,0,0,0,0,0,0,0,0,0,0,6,0,0,13,19,0,11,0,26,0,2,0,0,0,0,0,0,0,0,0,0,0,0,0,0,0,0,0,0,0,0,0,0,0,0,0,0,0,0,0,0,0,2,12,4,0,0,15,0,6,0,0,0,0,0,0,0,0,0,0,0,0,0,0,0,0,0,0,0,0,0,0,0,12,0,6,0,12,0,0,0,2,12,8,0,34,0,12,0,0,20,10,7,0,26,0,12,12,7,0,18,0,14,0,0,8,0,2,0,12,0,0,0,0,0,0,10,0
63,MEM,1610612763,8,0,0,0,0,0,2,0,2,8,17,13,0,0,0,8,0,0,0,0,0,0,0,0,0,7,5,0,0,0,8,0,0,0,10,0,0,0,0,0,0,10,0,12,14,0,0,0,0,0,0,0,0,0,0,0,0,0,0,0,2,0,12,0,2,4,0,11,0,0,0,0,0,0,0,0,0,0,0,0,0,0,0,0,0,0,0,10,0,12,14,0,6,0,4,5,0,3,0,8,4,0,0,2,0,6,0,0,0,9,10,0,17,0,0,4,5,0,0,0,8,7,0,5,0,0,0,8,0,0,0,12,14,0,0,16
64,MEM,1610612763,11,0,0,5,0,0,19,0,7,5,5,21,0,2,0,0,0,0,0,0,0,10,0,0,13,7,16,0,7,0,0,0,0,0,5,0,0,0,0,0,0,2,0,7,7,0,0,0,0,0,0,0,0,0,0,0,0,0,0,0,6,0,15,0,4,9,0,15,0,2,0,0,0,0,0,0,0,0,0,0,0,0,0,0,2,0,0,3,0,8,10,0,2,8,6,13,0,0,0,2,0,0,0,0,0,0,0,0,6,13,25,0,26,0,2,10,14,0,12,2,12,5,0,21,0,4,0,15,0,2,0,5,5,0,7,12
65,MEM,1610612763,6,0,0,8,0,4,0,0,7,2,10,5,0,2,0,4,0,0,2,0,6,0,0,5,4,2,7,0,4,0,0,0,0,0,0,0,0,0,0,0,0,0,0,0,0,0,0,0,0,0,0,0,0,0,0,0,0,0,0,4,0,0,13,0,6,14,0,8,0,2,0,0,0,0,0,0,0,0,0,0,0,0,0,0,2,2,9,0,2,0,0,0,0,0,0,0,0,0,0,0,0,0,0,0,0,0,0,0,10,20,33,0,26,0,9,2,17,0,11,0,2,10,0,13,0,4,0,24,0,2,0,0,0,0,5,0
66,MEM,1610612763,0,12,0,14,0,22,0,0,23,22,17,7,0,3,0,6,0,0,0,0,0,0,0,0,0,0,0,0,0,0,0,0,0,0,26,0,0,0,9,2,0,16,0,10,25,0,0,0,0,0,0,0,0,0,0,0,0,0,0,0,0,0,28,3,13,2,0,13,0,2,0,0,0,0,0,0,0,0,0,0,0,0,0,8,16,9,0,19,0,13,27,0,0,0,0,0,0,0,0,0,0,0,0,0,0,0,0,0,4,33,13,0,25,0,2,0,6,0,3,0,5,2,0,11,0,6,0,13,0,0,0,16,28,0,0,22
67,MEM,1610612763,0,7,0,5,0,12,0,0,0,0,8,26,0,0,0,10,0,0,0,0,0,0,0,0,0,0,0,0,0,0,0,0,2,0,0,0,0,2,0,4,14,0,11,2,0,0,0,0,0,0,0,0,0,0,0,0,0,0,0,2,0,0,18,0,12,24,0,8,2,0,0,0,0,0,0,0,0,0,0,0,0,0,0,0,0,2,4,0,0,0,0,0,0,0,0,0,0,0,0,0,0,0,0,0,0,0,0,0,0,22,25,0,23,2,0,0,0,0,0,0,0,23,0,17,0,2,0,25,0,9,0,0,0,7,2,0
68,MEM,1610612763,0,2,0,7,0,0,0,0,9,0,8,17,0,17,0,0,0,0,0,0,0,0,0,0,0,0,0,0,0,0,0,0,0,0,2,2,0,4,0,6,11,2,10,0,4,0,0,0,0,0,0,0,0,0,0,0,0,0,0,0,0,0,20,0,14,13,0,23,0,13,0,0,0,0,0,0,0,2,0,0,0,0,0,0,0,0,7,0,8,0,0,0,0,0,2,0,0,0,0,0,0,0,0,0,0,0,0,0,0,23,20,0,25,0,7,0,0,0,0,0,0,11,0,24,0,8,0,21,0,7,0,2,2,0,3,0
69,MEM,1610612763,0,2,0,13,0,2,0,0,18,0,15,12,0,14,4,2,0,0,0,0,0,0,0,0,0,0,0,0,0,0,0,0,0,0,0,0,0,4,0,2,6,0,0,5,7,0,0,0,0,0,0,0,0,0,0,0,0,0,0,2,0,0,19,0,6,4,0,14,7,0,0,0,0,0,0,0,0,0,0,0,0,0,0,0,0,0,8,0,8,3,0,0,0,0,0,0,0,0,0,0,0,0,0,0,0,0,0,0,0,24,19,0,23,7,3,0,0,0,0,0,0,5,0,12,3,3,0,17,10,6,0,0,0,9,0,6
70,MEM,1610612763,9,0,0,12,0,0,0,0,24,0,15,23,0,0,2,0,5,0,2,0,0,0,0,9,0,4,5,0,0,10,5,0,0,0,0,0,0,7,0,8,9,11,0,7,9,0,0,0,0,0,0,0,0,0,0,0,0,0,0,0,0,0,18,0,7,18,4,0,0,0,0,0,0,0,0,0,0,0,0,0,0,0,0,0,0,0,0,0,0,0,0,0,0,0,0,0,0,0,0,0,0,0,0,0,0,0,0,0,0,20,20,17,0,0,6,0,0,0,0,0,0,26,10,0,5,7,7,0,15,9,0,2,10,0,0,7
71,MEM,1610612763,8,6,0,6,0,0,0,0,0,0,9,2,0,13,10,0,4,0,14,0,2,0,0,0,0,17,11,4,21,0,3,0,0,0,0,0,0,0,0,7,12,2,11,13,7,0,0,0,0,0,0,0,0,0,0,0,0,0,0,0,0,0,0,0,13,11,2,13,2,0,0,0,0,0,0,0,0,0,0,0,0,0,0,0,0,0,2,4,0,0,2,0,0,0,0,0,0,0,0,0,0,0,0,0,0,0,0,0,0,0,0,0,0,0,0,0,0,0,0,0,0,14,4,24,11,2,8,16,13,11,2,5,7,11,0,5
72,MEM,1610612763,11,10,0,6,0,0,0,0,12,0,8,0,0,17,6,11,7,0,6,0,0,0,0,6,0,8,0,0,17,3,8,0,0,2,2,0,0,5,0,4,6,4,6,11,11,0,0,0,0,0,0,0,0,0,0,0,0,0,0,0,0,0,11,0,12,4,0,20,0,2,5,0,0,0,0,0,0,5,0,3,6,0,0,0,0,0,0,4,0,2,5,0,0,0,0,0,0,0,0,0,0,0,0,0,0,0,0,0,0,23,16,0,24,8,7,0,0,0,0,0,0,8,0,26,0,4,0,9,9,8,0,2,3,0,7,12
73,MEM,1610612763,10,2,0,10,0,0,0,0,0,0,7,3,0,4,2,8,6,0,10,0,0,0,0,2,0,11,15,0,14,2,10,0,0,0,0,0,0,4,0,9,11,0,4,4,9,0,0,0,0,0,0,0,0,0,0,0,0,0,0,0,0,0,8,0,11,16,0,18,0,5,0,0,0,0,0,0,0,0,0,0,0,0,0,0,0,0,0,0,0,0,0,0,0,0,0,0,0,0,0,0,0,0,0,0,0,0,0,0,0,7,18,0,14,2,6,0,0,0,0,0,0,13,0,23,0,2,0,23,5,16,0,0,0,0,7,5
74,MEM,1610612763,19,8,0,12,0,0,0,0,6,0,20,11,0,26,3,4,4,0,5,0,0,0,0,2,0,13,7,0,17,3,0,0,0,0,0,0,0,2,0,6,13,2,2,10,2,0,0,0,0,0,0,0,0,0,0,0,0,0,0,0,0,0,8,0,8,9,0,19,0,0,0,0,0,0,0,0,0,2,0,0,0,0,0,0,0,0,0,0,0,0,0,0,0,0,0,0,0,0,0,0,0,0,0,0,0,0,0,0,0,14,23,0,23,7,2,0,0,0,0,0,0,13,0,32,0,0,0,17,11,13,0,2,2,2,0,8
75,MEM,1610612763,9,3,0,9,0,0,0,0,3,0,2,7,0,18,3,8,0,0,14,0,0,0,0,0,0,15,8,0,26,0,3,0,0,0,0,0,0,2,0,0,2,0,3,0,0,0,0,0,0,0,0,0,0,0,0,0,0,0,0,0,0,0,10,0,13,15,0,35,0,3,0,0,0,0,0,0,0,0,0,0,0,0,0,0,0,0,0,0,0,0,0,0,0,0,0,0,0,0,0,0,0,0,0,0,0,0,0,0,0,4,13,0,16,2,2,0,0,0,0,0,0,10,0,30,0,3,0,20,2,0,0,0,0,3,0,0
76,MEM,1610612763,4,4,0,0,0,0,0,2,6,0,0,7,0,11,0,5,2,0,2,0,0,0,6,5,0,0,12,0,13,0,3,0,0,0,0,0,10,11,0,0,20,0,10,6,5,0,0,0,0,0,0,0,0,0,0,0,0,0,0,0,0,9,7,0,0,10,0,9,0,0,0,0,0,0,0,0,0,0,0,0,0,0,0,0,0,0,0,0,0,0,0,0,0,0,0,0,0,0,0,0,18,0,0,29,0,19,4,0,0,0,26,0,22,3,9,0,0,0,0,0,0,0,0,0,0,0,0,25,4,6,0,0,0,0,12,0
77,MEM,1610612763,19,10,0,9,0,0,0,19,4,0,2,10,0,19,0,0,11,0,3,0,0,0,12,0,0,2,3,0,8,0,2,0,0,0,0,0,0,9,0,10,8,0,2,0,2,0,0,0,0,0,0,0,0,0,0,0,0,0,0,0,0,10,6,0,0,9,0,11,0,0,0,0,0,0,0,0,0,0,0,0,0,0,0,0,0,0,0,0,0,0,0,0,0,0,0,0,0,0,0,0,14,0,0,21,0,21,0,0,0,9,22,0,16,0,7,0,0,0,0,0,0,2,0,2,0,2,0,18,0,0,0,0,0,0,2,0
78,MEM,1610612763,0,0,0,0,0,0,0,0,0,0,0,0,0,0,0,0,0,0,17,0,0,0,19,2,0,0,32,0,0,12,2,2,0,0,0,0,0,0,4,0,7,0,0,0,0,0,0,0,0,0,0,6,0,0,0,0,2,0,0,0,0,26,10,0,0,29,0,0,9,7,0,0,0,0,0,0,0,0,0,0,0,0,0,0,0,0,0,0,0,0,0,0,0,0,0,0,0,0,0,0,16,0,0,38,0,0,9,13,9,8,13,0,0,5,18,11,0,0,0,10,12,4,0,0,5,11,0,0,20,12,0,0,0,0,0,6
79,MEM,1610612763,0,0,0,0,0,0,0,0,0,0,0,0,0,0,0,0,0,0,4,0,0,0,17,0,4,4,14,0,0,6,4,0,0,0,0,0,0,0,0,0,6,0,0,0,0,0,0,0,0,0,0,0,0,0,0,0,0,0,0,0,0,37,13,0,2,29,0,0,4,13,0,0,0,0,0,0,0,0,0,0,0,0,0,0,0,0,0,0,0,0,0,0,0,0,0,0,0,0,0,0,23,0,4,55,0,0,17,23,6,2,23,0,0,2,12,8,3,0,0,4,8,6,0,0,6,4,0,0,13,26,0,0,0,0,0,2
80,MEM,1610612763,0,0,0,0,0,0,0,0,0,0,0,0,0,0,0,0,0,0,6,0,0,0,24,12,4,6,17,0,0,0,0,0,0,0,0,0,6,0,4,2,2,0,0,2,0,0,0,0,0,0,0,0,0,0,0,0,0,0,0,0,0,27,13,0,2,11,0,0,2,0,0,0,0,0,0,0,0,0,0,0,0,0,0,0,0,0,0,0,0,0,0,0,0,0,0,0,0,0,0,0,25,9,15,33,0,0,15,0,4,10,16,0,0,5,0,6,10,0,0,2,0,6,0,0,4,0,0,0,2,0,0,0,0,0,0,0
81,MEM,1610612763,0,0,0,0,0,0,0,0,0,0,0,0,0,0,0,0,0,0,12,0,2,0,5,9,5,16,13,0,0,0,0,0,0,0,0,0,0,0,0,0,0,0,0,0,0,0,0,0,0,0,0,0,0,0,0,0,0,0,0,4,0,22,13,0,14,23,0,0,3,0,0,0,0,0,0,0,0,0,0,0,0,0,12,0,9,9,7,0,0,3,0,0,0,0,0,0,0,0,0,0,20,21,18,31,0,0,25,0,15,14,19,0,0,4,0,23,4,0,0,14,0,16,0,0,7,0,0,0,9,0,0,0,0,0,0,0
