,TEAM_NAME,TEAM_ID,GAME_DATE,"(1628371, 1629643)","(1628371, 1630591)","(1628371, 1628964)","(1628371, 1629626)","(1628371, 1630181)","(1628371, 203914)","(1628371, 1629649)","(1628371, 1628365)","(1628371, 1629021)","(1628371, 1630532)","(1628371, 1629678)","(1628371, 1629962)","(1628371, 203082)","(1628371, 201577)","(1628371, 1628976)","(1628371, 1630175)","(1629643, 1630591)","(1629643, 1628964)","(1629643, 1629626)","(1629643, 1630181)","(1629643, 203914)","(1629643, 1629649)","(1629643, 1628365)","(1629643, 1629021)","(1629643, 1630532)","(1629643, 1629678)","(1629643, 1629962)","(1629643, 203082)","(1629643, 201577)","(1629643, 1628976)","(1629643, 1630175)","(1630591, 1628964)","(1630591, 1629626)","(1630591, 1630181)","(1630591, 203914)","(1630591, 1629649)","(1630591, 1628365)","(1630591, 1629021)","(1630591, 1630532)","(1630591, 1629678)","(1630591, 1629962)","(1630591, 203082)","(1630591, 201577)","(1630591, 1628976)","(1630591, 1630175)","(1628964, 1629626)","(1628964, 1630181)","(1628964, 203914)","(1628964, 1629649)","(1628964, 1628365)","(1628964, 1629021)","(1628964, 1630532)","(1628964, 1629678)","(1628964, 1629962)","(1628964, 203082)","(1628964, 201577)","(1628964, 1628976)","(1628964, 1630175)","(1629626, 1630181)","(1629626, 203914)","(1629626, 1629649)","(1629626, 1628365)","(1629626, 1629021)","(1629626, 1630532)","(1629626, 1629678)","(1629626, 1629962)","(1629626, 203082)","(1629626, 201577)","(1629626, 1628976)","(1629626, 1630175)","(1630181, 203914)","(1630181, 1629649)","(1630181, 1628365)","(1630181, 1629021)","(1630181, 1630532)","(1630181, 1629678)","(1630181, 1629962)","(1630181, 203082)","(1630181, 201577)","(1630181, 1628976)","(1630181, 1630175)","(203914, 1629649)","(203914, 1628365)","(203914, 1629021)","(203914, 1630532)","(203914, 1629678)","(203914, 1629962)","(203914, 203082)","(203914, 201577)","(203914, 1628976)","(203914, 1630175)","(1629649, 1628365)","(1629649, 1629021)","(1629649, 1630532)","(1629649, 1629678)","(1629649, 1629962)","(1629649, 203082)","(1629649, 201577)","(1629649, 1628976)","(1629649, 1630175)","(1628365, 1629021)","(1628365, 1630532)","(1628365, 1629678)","(1628365, 1629962)","(1628365, 203082)","(1628365, 201577)","(1628365, 1628976)","(1628365, 1630175)","(1629021, 1630532)","(1629021, 1629678)","(1629021, 1629962)","(1629021, 203082)","(1629021, 201577)","(1629021, 1628976)","(1629021, 1630175)","(1630532, 1629678)","(1630532, 1629962)","(1630532, 203082)","(1630532, 201577)","(1630532, 1628976)","(1630532, 1630175)","(1629678, 1629962)","(1629678, 203082)","(1629678, 201577)","(1629678, 1628976)","(1629678, 1630175)","(1629962, 203082)","(1629962, 201577)","(1629962, 1628976)","(1629962, 1630175)","(203082, 201577)","(203082, 1628976)","(203082, 1630175)","(201577, 1628976)","(201577, 1630175)","(1628976, 1630175)"
0,ORL,1610612753,2021-10-20,0,0,0,0,0,0,0,0,0,0,0,0,0,0,0,0,0,0,0,0,0,0,0,0,0,0,0,0,0,0,0,16,0,7,0,3,0,7,12,0,0,5,5,13,6,0,6,0,5,0,4,27,0,0,4,0,12,17,0,0,0,0,0,0,0,0,0,0,0,0,0,7,0,8,8,0,0,12,6,0,6,0,0,0,0,0,0,0,0,0,0,0,3,2,0,0,4,6,0,5,0,0,0,0,0,0,0,0,8,0,0,3,0,2,3,0,0,6,2,13,10,0,0,0,0,0,0,0,0,0,11,11,14,4,0,13
1,ORL,1610612753,2021-10-22,0,0,0,0,0,0,0,0,0,0,0,0,0,0,0,0,0,0,0,0,0,0,0,0,0,0,0,0,0,0,0,23,0,7,0,2,0,5,16,0,0,3,2,10,12,0,7,0,2,0,5,26,0,0,6,0,20,19,0,0,0,0,0,0,0,0,0,0,0,0,0,2,0,10,7,0,0,12,3,6,5,0,0,0,0,0,0,0,0,0,0,0,3,3,0,0,3,2,0,0,0,0,0,0,0,0,0,0,0,0,0,8,4,0,2,0,0,12,7,17,19,0,0,0,0,0,0,0,0,0,10,8,9,0,2,13
2,ORL,1610612753,2021-10-24,0,0,0,0,0,0,0,0,0,0,0,0,0,0,0,0,0,0,0,0,0,0,0,0,0,0,0,0,0,0,0,11,0,0,0,0,0,4,11,0,0,5,0,13,16,0,4,0,0,0,0,8,0,0,9,2,12,20,0,0,0,0,0,0,0,0,0,0,0,0,0,0,0,8,10,0,0,5,2,5,21,0,0,0,0,0,0,0,0,0,0,0,0,0,0,0,0,0,0,0,0,0,0,0,0,0,0,0,12,0,0,12,7,3,12,0,0,19,0,17,17,0,0,0,0,0,0,0,0,0,7,13,25,0,8,18
3,ORL,1610612753,2021-10-25,0,0,0,0,0,0,0,0,0,0,0,0,0,0,0,0,0,0,0,0,0,0,0,0,0,0,0,0,0,0,0,10,0,13,3,6,0,5,15,0,0,5,10,10,7,0,8,5,0,0,3,18,0,0,4,0,12,11,0,0,0,0,0,0,0,0,0,0,0,0,10,0,0,3,17,0,0,2,6,8,10,0,0,0,7,0,0,0,2,4,7,0,0,0,0,0,0,4,0,5,0,0,0,0,0,0,0,0,0,0,0,3,6,0,5,0,0,2,0,15,16,0,0,0,0,0,0,0,0,0,6,2,9,0,4,14
4,ORL,1610612753,2021-10-27,0,0,0,0,0,0,0,0,0,0,0,0,0,0,0,0,0,0,0,0,0,0,0,0,0,0,0,0,0,0,0,13,0,0,2,0,0,5,19,0,0,16,0,18,23,0,3,10,0,0,0,22,0,0,9,0,24,22,0,0,0,0,0,0,0,0,0,0,0,0,0,0,0,0,0,0,0,6,0,4,6,0,0,6,0,0,0,18,0,8,14,0,0,0,0,0,0,0,0,0,0,0,0,0,0,0,0,0,0,0,0,14,0,3,0,0,0,16,0,17,35,0,0,0,0,0,0,0,0,0,0,16,21,0,0,34
5,ORL,1610612753,2021-10-29,0,0,0,0,0,0,0,0,0,0,0,0,0,0,0,0,0,0,0,0,0,0,0,0,0,0,0,0,0,0,0,20,0,3,2,0,0,0,21,0,0,9,0,27,26,0,5,19,0,0,2,14,0,0,14,4,20,31,0,0,0,0,0,0,0,0,0,0,0,0,0,0,0,0,0,0,0,3,3,0,0,0,0,4,9,0,0,10,2,18,18,0,0,0,0,0,0,0,0,0,0,0,0,0,0,0,0,0,0,0,0,4,0,0,3,0,0,3,0,26,23,0,0,0,0,0,0,0,0,0,0,11,10,0,0,28
6,ORL,1610612753,2021-10-30,0,0,0,0,0,0,0,0,0,0,0,0,0,0,0,0,0,0,0,4,4,0,0,3,8,0,0,2,0,0,3,16,0,0,0,3,0,13,19,0,0,2,0,5,10,0,0,5,6,0,12,17,0,0,5,0,9,19,0,0,0,0,0,0,0,0,0,0,0,0,4,9,0,10,8,0,0,2,0,0,18,0,0,6,6,0,0,4,0,4,2,0,2,0,0,0,3,0,0,8,0,0,0,0,0,0,0,0,13,0,0,3,0,0,15,0,0,4,0,11,23,0,0,0,0,0,0,0,0,0,0,4,9,0,0,11
7,ORL,1610612753,2021-11-01,0,0,0,0,0,0,0,0,0,0,0,0,0,0,0,0,9,6,0,5,0,0,0,3,8,0,0,11,0,5,12,17,0,4,0,0,0,2,21,0,0,9,0,14,15,0,2,0,0,0,2,20,0,0,9,0,10,17,0,0,0,0,0,0,0,0,0,0,0,0,0,0,0,0,0,0,0,7,0,2,11,0,0,0,0,0,0,0,0,0,0,0,0,0,0,0,0,0,0,0,0,0,0,0,0,0,0,0,2,0,0,2,0,0,14,0,0,11,0,37,36,0,0,0,0,0,0,0,0,0,0,5,16,0,0,20
8,ORL,1610612753,2021-11-03,0,0,0,0,0,0,0,0,0,0,0,0,0,0,0,0,0,0,0,4,0,0,0,0,4,0,0,8,0,6,2,12,0,9,0,0,0,0,11,0,0,2,0,17,9,0,10,0,0,0,0,7,0,0,3,0,11,7,0,0,0,0,0,0,0,0,0,0,0,0,0,0,0,5,0,0,0,9,0,8,5,0,0,0,0,0,0,0,0,0,0,0,3,0,0,0,0,0,0,3,0,0,0,0,0,0,0,0,0,0,0,0,0,0,6,0,0,11,0,18,16,0,0,0,0,0,0,0,0,0,0,13,11,0,0,16
9,ORL,1610612753,2021-11-05,0,0,0,0,0,0,0,0,0,0,0,0,0,0,0,0,10,7,0,7,6,0,0,0,2,0,0,4,0,15,9,21,0,0,4,0,0,0,12,0,0,2,0,12,17,0,15,2,0,0,0,11,0,0,9,0,5,18,0,0,0,0,0,0,0,0,0,0,0,0,3,0,0,0,10,0,0,8,0,10,18,0,0,0,0,0,0,2,0,8,5,0,0,0,0,0,0,0,0,0,0,0,0,0,0,0,0,0,0,0,0,0,0,0,0,0,0,5,0,9,20,0,0,0,0,0,0,0,0,0,0,9,12,0,0,21
10,ORL,1610612753,2021-11-07,0,0,0,0,0,0,0,0,0,0,0,0,0,0,0,0,0,6,0,0,6,0,0,0,0,0,0,2,0,5,11,8,0,2,10,0,0,3,10,0,0,4,0,19,15,0,0,6,0,0,0,13,0,0,11,0,13,24,0,0,0,0,0,0,0,0,0,0,0,0,15,0,0,0,9,0,0,0,0,14,19,0,0,3,4,0,0,4,0,15,10,0,0,0,0,0,0,0,0,0,0,0,0,0,0,0,0,0,3,0,0,5,0,0,0,0,0,4,0,23,37,0,0,0,0,0,0,0,0,0,0,8,12,0,0,39
11,ORL,1610612753,2021-11-10,0,0,0,0,0,0,0,0,0,0,0,0,0,0,0,0,4,8,0,6,4,7,0,4,2,0,0,10,0,0,2,14,0,4,4,0,0,0,8,0,0,8,0,9,2,0,6,6,0,0,4,8,0,0,8,0,13,14,0,0,0,0,0,0,0,0,0,0,0,0,4,5,0,4,8,0,0,2,0,0,10,0,0,0,0,0,0,4,0,0,4,0,5,0,0,0,0,0,0,0,0,0,0,0,0,0,0,0,0,0,0,8,0,0,2,0,0,16,0,13,16,0,0,0,0,0,0,0,0,0,0,8,16,0,0,9
12,ORL,1610612753,2021-11-13,0,0,0,0,0,0,0,0,0,0,0,0,0,0,0,0,4,4,0,0,5,0,0,0,3,0,0,6,0,9,6,12,0,5,6,0,0,0,6,0,0,10,0,12,5,0,6,6,0,0,0,12,0,0,12,0,15,16,0,0,0,0,0,0,0,0,0,0,0,0,2,0,0,0,9,0,0,12,0,12,12,0,0,0,0,0,0,2,0,0,2,0,0,0,0,0,0,0,0,0,0,0,0,0,0,0,0,0,0,0,0,0,0,0,0,0,0,9,0,20,15,0,0,0,0,0,0,0,0,0,0,12,9,0,0,24
13,ORL,1610612753,2021-11-15,0,0,0,0,0,0,0,0,0,0,0,0,0,0,0,0,0,2,0,9,7,0,0,0,10,0,0,21,0,7,14,0,0,0,0,0,0,0,0,0,0,0,0,0,0,0,3,11,0,0,4,15,0,0,9,0,15,22,0,0,0,0,0,0,0,0,0,0,0,0,0,0,0,0,5,0,0,15,0,5,6,0,0,2,19,0,0,10,0,15,25,0,0,0,0,0,0,0,0,0,0,0,0,0,0,0,0,0,2,0,0,4,0,0,11,0,0,11,0,29,27,0,0,0,0,0,0,0,0,0,0,17,28,0,0,26
14,ORL,1610612753,2021-11-17,0,0,0,0,0,0,0,0,0,0,0,0,0,0,0,0,10,13,0,5,5,0,0,2,2,0,0,4,0,2,4,20,0,5,5,0,0,0,12,0,0,5,0,17,14,0,8,6,0,0,3,12,0,0,8,0,11,13,0,0,0,0,0,0,0,0,0,0,0,0,0,0,0,0,5,0,0,5,0,0,0,0,0,3,4,0,0,10,0,2,5,0,0,0,0,0,0,0,0,0,0,0,0,0,0,0,0,0,2,0,0,10,0,0,8,0,0,24,0,22,21,0,0,0,0,0,0,0,0,0,0,12,18,0,0,19
15,ORL,1610612753,2021-11-19,0,0,0,0,0,0,0,0,0,0,0,0,0,0,0,0,17,19,0,2,13,0,0,4,3,0,0,23,0,3,7,28,0,2,2,0,0,2,22,0,0,21,0,10,20,0,3,8,0,0,0,12,0,0,18,0,2,14,0,0,0,0,0,0,0,0,0,0,0,0,5,0,0,0,8,0,0,3,0,7,8,0,0,2,10,0,0,5,0,3,8,0,0,0,0,0,0,0,0,0,0,0,0,0,0,0,0,0,0,0,0,5,0,0,2,0,0,14,0,9,17,0,0,0,0,0,0,0,0,0,0,0,6,0,0,9
16,ORL,1610612753,2021-11-20,0,0,0,0,0,0,0,0,0,0,0,0,0,0,0,0,12,8,0,11,0,0,0,4,5,0,0,21,10,5,0,18,0,3,16,0,0,0,8,0,0,5,2,6,0,0,3,14,0,0,0,6,0,0,5,0,8,0,0,0,0,0,0,0,0,0,0,0,0,0,5,14,0,18,3,0,0,11,15,8,0,2,0,0,7,0,0,0,0,7,0,0,3,0,0,0,0,4,0,0,0,0,0,0,0,0,0,0,4,0,0,6,5,0,0,0,0,2,0,11,0,0,0,0,0,0,0,0,0,0,6,5,0,0,0,0
17,ORL,1610612753,2021-11-22,0,0,0,0,0,0,0,0,0,0,0,0,0,0,0,0,2,0,0,25,0,13,0,25,0,0,0,3,15,2,0,4,0,0,0,0,0,4,4,0,0,5,0,8,0,0,0,0,0,0,0,2,0,0,3,0,8,0,0,0,0,0,0,0,0,0,0,0,0,0,0,7,0,24,4,0,0,9,14,3,0,0,0,0,0,0,0,0,0,0,0,0,8,0,0,0,0,11,0,0,0,0,0,0,0,0,0,0,5,0,0,5,11,3,0,0,0,3,0,6,0,0,0,0,0,0,0,0,0,0,4,0,0,4,0,0
18,ORL,1610612753,2021-11-24,0,0,0,0,0,0,0,0,0,0,0,0,0,0,0,0,4,0,0,2,5,0,0,13,0,0,0,0,0,2,0,25,0,0,20,0,0,5,22,0,0,0,0,19,0,0,3,23,0,0,0,34,0,0,0,0,29,0,0,0,0,0,0,0,0,0,0,0,0,0,5,0,0,11,4,0,0,0,0,6,0,0,0,6,24,0,0,0,0,19,0,0,0,0,0,0,0,0,0,0,0,0,0,0,0,0,0,0,3,0,0,0,0,0,0,0,0,0,0,27,0,0,0,0,0,0,0,0,0,0,0,0,0,0,0,0
19,ORL,1610612753,2021-11-26,0,0,0,0,0,0,0,0,0,0,0,0,0,0,0,0,5,0,0,6,2,5,0,5,6,0,0,5,0,4,0,13,0,0,14,0,0,0,20,0,0,5,0,24,0,0,0,6,0,0,2,10,0,0,0,0,16,0,0,0,0,0,0,0,0,0,0,0,0,0,0,5,0,7,2,0,0,5,0,0,0,0,0,0,12,0,0,0,0,20,0,0,4,0,0,0,0,0,0,0,0,0,0,0,0,0,0,0,4,0,0,2,0,4,0,0,0,4,0,28,0,0,0,0,0,0,0,0,0,0,0,11,0,0,0,0
20,ORL,1610612753,2021-11-27,0,0,0,0,0,0,0,0,0,0,0,0,0,0,0,0,4,0,0,6,4,0,0,13,8,0,0,7,2,0,0,0,0,2,18,0,0,2,8,0,0,2,15,22,0,0,0,0,0,0,0,0,0,0,0,0,0,0,0,0,0,0,0,0,0,0,0,0,0,0,2,0,0,13,6,0,0,5,2,2,0,0,0,2,12,0,0,0,21,24,0,0,0,0,0,0,0,0,0,0,0,0,0,0,0,0,0,0,13,0,0,11,0,2,0,0,0,9,13,15,0,0,0,0,0,0,0,0,0,0,2,5,0,27,0,0
21,ORL,1610612753,2021-11-29,0,0,0,0,0,0,0,0,0,0,0,0,0,0,0,0,10,5,0,5,11,0,0,0,13,0,0,6,0,11,0,8,0,0,26,0,0,0,29,0,0,3,0,17,0,0,10,13,2,0,0,24,0,0,13,0,8,0,0,0,0,0,0,0,0,0,0,0,0,0,0,0,0,0,5,0,0,9,0,0,0,0,0,0,36,0,0,2,0,21,0,0,0,0,0,0,2,0,0,0,0,0,0,0,0,0,0,0,0,0,0,0,0,0,0,0,0,4,0,29,0,0,0,0,0,0,0,0,0,0,0,6,0,0,0,0
22,ORL,1610612753,2021-12-01,0,0,0,0,0,0,0,0,0,0,0,0,0,0,0,0,0,0,0,6,5,0,0,10,4,0,0,9,0,5,4,0,0,0,0,0,0,0,0,0,0,0,0,0,0,0,0,13,0,0,7,18,0,0,4,0,16,26,0,0,0,0,0,0,0,0,0,0,0,0,0,0,0,12,2,0,0,11,0,0,0,0,0,4,15,0,0,9,0,22,30,0,0,0,0,0,0,0,0,0,0,0,0,0,0,0,0,0,6,0,0,15,0,0,6,0,0,4,0,28,26,0,0,0,0,0,0,0,0,0,0,6,10,0,0,34
23,ORL,1610612753,2021-12-03,0,0,0,0,0,0,0,0,0,0,0,0,0,0,0,0,0,2,0,11,6,0,0,10,4,0,0,18,0,2,5,0,0,0,0,0,0,0,0,0,0,0,0,0,0,0,6,16,0,0,0,26,0,0,7,0,20,32,0,0,0,0,0,0,0,0,0,0,0,0,0,0,0,0,3,0,0,16,0,2,3,0,0,6,19,0,0,3,0,13,28,0,0,0,0,0,0,0,0,0,0,0,0,0,0,0,0,0,2,0,0,12,0,0,5,0,0,6,0,18,32,0,0,0,0,0,0,0,0,0,0,6,7,0,0,29
24,ORL,1610612753,2021-12-06,0,0,0,0,0,0,0,0,0,0,0,0,0,0,0,0,0,0,0,16,2,3,0,3,6,0,0,10,0,2,4,0,0,0,0,0,0,0,0,0,0,0,0,0,0,0,0,15,0,0,0,10,0,0,0,0,7,4,0,0,0,0,0,0,0,0,0,0,0,0,6,0,0,6,9,0,0,17,0,2,4,0,0,0,24,0,0,9,0,21,17,0,0,0,0,0,0,0,0,0,0,0,0,0,0,0,0,0,5,0,0,3,0,5,0,0,0,9,0,23,19,0,0,0,0,0,0,0,0,0,0,2,2,0,0,16
25,ORL,1610612753,2021-12-08,0,0,0,0,0,0,0,0,0,0,0,0,0,0,0,0,0,3,0,0,0,0,0,0,0,0,0,8,10,2,0,0,0,0,0,0,0,0,0,0,0,0,0,0,0,0,3,25,0,0,0,12,0,0,12,7,19,29,0,0,0,0,0,0,0,0,0,0,0,0,0,0,0,0,0,0,0,8,10,2,0,0,0,0,19,0,0,13,0,29,43,0,0,0,0,0,0,0,0,0,0,0,0,0,0,0,0,0,0,0,0,0,0,0,0,0,0,17,6,25,29,0,0,0,0,0,0,0,0,0,23,16,32,0,3,43
26,ORL,1610612753,2021-12-11,0,0,0,0,0,0,0,0,0,0,0,0,0,0,0,0,0,8,0,4,0,0,0,9,3,0,0,7,0,0,0,0,0,0,0,0,0,0,0,0,0,0,0,0,0,0,8,11,0,0,8,16,0,0,11,0,5,21,0,0,0,0,0,0,0,0,0,0,0,0,0,0,0,4,3,0,0,7,0,0,0,0,0,9,25,0,0,8,0,14,31,0,0,0,0,0,0,0,0,0,0,0,0,0,0,0,0,0,5,0,0,11,0,2,5,0,0,10,0,17,34,0,0,0,0,0,0,0,0,0,0,4,7,0,0,21
27,ORL,1610612753,2021-12-12,0,0,0,0,0,0,0,0,0,0,0,0,0,0,0,0,0,0,0,5,5,0,0,0,3,0,0,12,8,7,10,0,0,0,0,0,0,0,0,0,0,0,0,0,0,0,2,0,0,0,0,11,0,0,2,0,4,3,0,0,0,0,0,0,0,0,0,0,0,0,0,0,0,0,12,0,0,10,5,6,2,0,0,0,17,0,0,8,4,16,20,0,0,0,0,0,0,0,0,0,0,0,0,0,0,0,0,0,0,0,0,0,0,0,0,0,0,16,2,32,24,0,0,0,0,0,0,0,0,0,14,11,15,0,9,21
28,ORL,1610612753,2021-12-15,0,0,0,0,0,0,0,0,0,0,0,0,0,0,0,0,0,0,0,6,0,0,0,3,16,0,0,9,0,15,12,0,0,0,0,0,0,0,0,0,0,0,0,0,0,0,0,0,0,0,0,0,0,0,0,0,0,0,0,0,0,0,0,0,0,0,0,0,0,0,0,10,0,23,5,0,0,14,0,5,5,0,0,0,0,0,0,0,0,0,0,0,17,0,0,0,4,0,0,0,0,0,0,0,0,0,0,0,0,0,0,18,0,0,0,0,0,18,0,19,16,0,0,0,0,0,0,0,0,0,4,12,14,3,0,15
29,ORL,1610612753,2021-12-17,0,0,0,0,0,0,0,0,0,0,0,0,0,0,0,0,0,0,0,0,32,0,0,0,35,3,0,0,28,5,0,0,0,0,0,0,0,0,0,0,0,0,0,0,0,0,0,0,0,0,0,0,0,0,0,0,0,0,0,0,0,0,0,0,0,0,0,0,0,0,0,0,0,0,0,0,0,0,0,0,0,0,0,0,34,3,0,0,32,5,0,0,0,0,0,0,0,0,0,0,0,0,0,0,0,0,0,0,0,0,0,0,0,0,0,4,0,0,34,6,0,0,0,0,2,0,0,0,0,0,0,0,0,4,0,0
30,ORL,1610612753,2021-12-18,0,0,0,0,0,0,0,0,0,0,0,0,0,0,0,0,0,0,0,0,23,0,0,0,21,2,0,0,35,0,0,0,0,0,0,0,0,0,0,0,0,0,0,0,0,0,0,0,0,0,0,0,0,0,0,0,0,0,0,0,0,0,0,0,0,0,0,0,0,0,0,0,0,0,0,0,0,0,0,0,0,0,0,0,14,5,0,0,25,0,0,0,0,0,0,0,0,0,0,0,0,0,0,0,0,0,0,0,0,0,0,0,0,0,0,0,0,0,24,0,0,0,0,0,0,0,0,0,0,0,0,0,0,0,0,0
31,ORL,1610612753,2021-12-22,0,0,0,0,0,0,0,0,0,0,0,0,0,0,0,0,0,0,0,0,13,0,0,0,22,0,0,0,17,0,0,0,0,0,0,0,0,0,0,0,0,0,0,0,0,0,0,0,0,0,0,0,0,0,0,0,0,0,0,0,0,0,0,0,0,0,0,0,0,0,0,0,0,0,0,0,0,0,0,0,0,0,0,0,23,3,0,0,14,0,0,0,0,0,0,0,0,0,0,0,0,0,0,0,0,0,0,0,0,0,0,0,0,0,0,7,0,0,25,0,0,0,0,10,0,0,0,0,0,0,0,0,0,0,0,0
32,ORL,1610612753,2021-12-23,0,0,0,0,0,0,0,0,0,0,0,0,0,0,0,0,0,0,0,0,11,0,0,0,2,6,0,0,0,4,4,0,0,0,0,0,0,0,0,0,0,0,0,0,0,0,0,0,0,0,0,0,0,0,0,0,0,0,0,0,0,0,0,0,0,0,0,0,0,0,0,0,0,0,0,0,0,0,0,0,0,0,0,0,33,13,0,0,2,26,36,0,0,0,0,0,0,0,0,0,0,0,0,0,0,0,0,0,0,0,0,0,0,0,0,21,0,0,4,18,27,0,0,0,12,12,0,0,0,0,0,0,0,0,2,23
33,ORL,1610612753,2021-12-26,0,0,0,0,0,0,0,0,0,0,0,0,0,0,0,0,0,0,0,0,0,0,0,0,0,0,0,0,0,0,0,0,0,0,0,0,0,0,0,0,0,0,0,0,0,0,0,0,0,0,0,0,0,0,0,0,0,0,0,0,0,0,0,0,0,0,0,0,0,0,17,0,0,0,13,6,0,0,4,6,0,0,0,0,20,12,0,0,11,9,0,0,0,0,0,0,0,0,0,0,0,0,0,0,0,0,0,0,0,0,0,0,0,0,0,10,0,0,2,12,0,0,0,4,11,0,0,0,0,0,0,0,0,0,0,0
34,ORL,1610612753,2021-12-28,0,0,0,0,0,0,0,0,0,0,0,0,0,0,0,0,0,0,0,0,0,0,0,0,0,0,0,0,0,0,0,0,0,0,0,0,0,0,0,0,0,0,0,0,0,0,0,0,0,0,0,0,0,0,0,0,0,0,0,0,0,0,0,0,0,0,0,0,0,0,12,2,0,2,21,4,0,0,4,12,0,0,0,6,38,3,0,0,15,21,0,0,2,0,2,0,0,0,0,0,0,0,0,0,0,0,0,0,9,2,0,0,3,0,0,3,0,0,19,36,0,0,0,0,0,0,0,0,0,0,0,0,0,19,0,0
35,ORL,1610612753,2021-12-30,0,0,0,0,0,0,0,0,0,0,0,0,0,0,0,0,0,0,0,0,0,0,0,0,0,0,0,0,0,0,0,0,0,0,0,0,0,0,0,0,0,0,0,0,0,0,0,0,0,0,0,0,0,0,0,0,0,0,0,0,0,0,0,0,0,0,0,0,0,0,10,12,0,23,13,10,0,0,0,15,0,4,0,9,31,12,0,0,0,22,0,0,13,8,6,0,0,0,7,0,0,0,0,0,0,0,0,0,6,9,0,0,0,9,0,13,0,0,0,20,0,0,0,0,4,0,0,0,0,0,0,0,0,0,0,0
36,ORL,1610612753,2022-01-02,0,0,0,0,0,0,0,0,0,0,0,0,0,0,0,0,0,0,0,0,0,0,0,0,0,0,0,0,0,0,0,0,0,0,0,0,0,0,0,0,0,0,0,0,0,0,3,7,0,0,0,4,6,0,15,0,0,0,0,0,0,0,0,0,0,0,0,0,0,0,4,2,0,4,0,0,0,11,0,2,0,4,0,4,20,9,0,26,0,26,0,0,2,0,0,0,0,0,2,0,0,0,0,0,0,0,0,0,0,0,0,0,0,0,0,0,0,23,0,19,0,0,9,0,7,0,0,0,0,0,0,19,0,0,0,0
37,ORL,1610612753,2022-01-03,0,0,0,0,0,0,0,0,0,0,0,0,0,0,0,0,0,0,0,0,0,0,0,0,0,0,0,0,0,0,0,0,0,0,0,0,0,0,0,0,0,0,0,0,0,0,0,17,0,0,0,13,0,0,0,0,13,0,0,0,0,0,0,0,0,0,0,0,0,0,11,0,0,0,8,6,0,17,0,15,0,0,0,0,31,2,0,13,0,34,0,0,0,0,0,0,0,0,0,0,0,0,0,0,0,0,0,0,0,0,0,0,0,0,0,0,0,7,0,34,0,0,15,0,0,0,0,0,0,0,0,12,0,0,0,0
38,ORL,1610612753,2022-01-05,0,0,0,0,0,0,0,0,0,0,0,0,0,0,0,0,0,3,0,6,8,0,0,0,4,0,0,20,0,4,3,0,0,0,0,0,0,0,0,0,0,0,0,0,0,0,0,21,0,0,0,23,0,0,8,0,13,30,0,0,0,0,0,0,0,0,0,0,0,0,5,0,0,0,2,0,0,11,0,4,0,0,0,0,18,0,0,12,0,14,16,0,0,0,0,0,0,0,0,0,0,0,0,0,0,0,0,0,0,0,0,0,0,0,0,0,0,2,0,19,30,0,0,0,0,0,0,0,0,0,0,2,12,0,0,10
39,ORL,1610612753,2022-01-08,0,0,0,0,0,0,0,0,0,0,0,0,0,0,0,0,0,3,0,5,14,0,0,9,0,0,0,7,0,0,6,0,0,0,0,0,0,0,0,0,0,0,0,0,0,0,5,21,0,0,0,6,0,0,6,0,0,12,0,0,0,0,0,0,0,0,0,0,0,0,3,0,0,7,2,0,0,9,0,0,7,0,0,7,21,0,0,14,0,0,27,0,0,0,0,0,0,0,0,0,0,0,0,0,0,0,0,0,0,0,0,10,0,0,5,3,0,7,0,0,19,0,0,0,0,0,0,0,0,0,0,0,11,0,0,0
40,ORL,1610612753,2022-01-09,0,0,0,0,0,0,0,0,0,0,0,0,0,0,0,0,0,7,0,2,16,0,0,4,13,0,0,30,0,0,12,0,0,0,0,0,0,0,0,0,0,0,0,0,0,0,5,17,0,0,0,8,0,0,6,0,0,13,0,0,0,0,0,0,0,0,0,0,0,0,6,0,0,0,7,0,0,18,0,0,2,0,0,2,11,0,0,13,0,0,21,0,0,0,0,0,0,0,0,0,0,0,0,0,0,0,0,0,0,0,0,8,0,0,5,0,0,12,0,0,17,0,0,0,0,0,0,0,0,0,0,0,26,0,0,0
41,ORL,1610612753,2022-01-12,0,0,0,0,0,0,0,0,0,0,0,0,0,0,0,0,0,0,0,5,17,0,0,6,7,0,0,15,10,0,12,0,0,0,0,0,0,0,0,0,0,0,0,0,0,0,0,0,0,0,0,0,0,0,0,0,0,0,0,0,0,0,0,0,0,0,0,0,0,0,2,0,0,2,6,6,0,12,2,0,2,0,0,6,19,7,0,13,18,0,28,0,0,0,0,0,0,0,0,0,0,0,0,0,0,0,0,0,2,2,0,9,0,0,9,8,0,17,20,0,16,0,17,16,0,5,0,0,0,0,20,0,15,0,21,0
42,ORL,1610612753,2022-01-14,0,0,0,0,0,0,0,0,0,0,0,0,0,0,0,0,2,0,0,0,22,0,0,2,10,0,0,5,14,0,8,0,0,13,2,0,0,21,16,0,0,19,6,0,2,0,0,0,0,0,0,0,0,0,0,0,0,0,0,0,0,0,0,0,0,0,0,0,0,0,3,0,0,21,16,0,0,9,3,0,5,0,0,14,24,0,0,9,24,0,20,0,0,0,0,0,0,0,0,0,0,0,0,0,0,0,0,0,39,0,0,24,0,0,16,0,0,14,6,0,14,0,0,0,0,0,0,0,0,0,7,0,0,0,10,0
43,ORL,1610612753,2022-01-15,0,0,0,0,0,0,0,0,0,0,0,0,0,0,0,0,4,2,0,0,11,0,0,5,6,0,0,0,15,0,14,8,0,16,4,4,0,22,6,4,0,10,2,0,0,0,12,0,2,0,2,4,2,0,4,0,0,2,0,0,0,0,0,0,0,0,0,0,0,0,2,4,0,6,6,4,0,2,0,0,2,0,0,11,5,0,0,2,18,0,15,0,3,0,0,0,0,0,0,0,0,0,0,0,0,0,0,0,9,3,0,7,0,0,5,0,0,4,14,0,12,0,0,0,0,0,0,0,0,0,4,0,2,0,23,0
44,ORL,1610612753,2022-01-17,0,0,0,0,0,0,0,0,0,0,0,0,0,0,0,0,4,0,0,2,12,0,0,0,17,0,0,2,9,0,10,6,0,13,4,2,0,20,4,2,0,11,0,0,0,0,4,5,0,0,4,5,0,0,8,0,0,8,0,0,0,0,0,0,0,0,0,0,0,0,0,3,0,17,0,3,0,5,0,0,0,0,0,0,21,0,0,2,13,0,14,0,2,0,0,0,0,0,0,0,0,0,0,0,0,0,0,0,8,2,0,13,0,0,0,0,0,0,20,0,19,0,0,0,0,0,0,0,0,0,0,0,0,0,10,0
45,ORL,1610612753,2022-01-19,0,0,0,0,0,0,0,0,0,0,0,0,0,0,0,0,13,14,0,11,3,11,0,13,5,6,0,6,12,0,8,37,0,6,9,2,0,2,9,0,0,2,2,0,15,0,5,28,0,0,4,28,0,0,5,0,0,32,0,0,0,0,0,0,0,0,0,0,0,0,0,0,0,2,2,0,0,0,0,0,3,0,0,4,12,0,0,3,3,0,13,0,6,0,2,0,0,3,0,0,0,0,0,0,0,0,0,0,2,4,0,0,7,0,0,0,0,3,5,0,20,0,0,3,0,0,0,0,0,0,0,0,2,0,5,0
46,ORL,1610612753,2022-01-21,0,0,0,0,0,0,0,0,0,0,0,0,0,0,0,0,17,8,0,0,17,7,0,0,22,0,0,5,0,17,2,11,0,0,16,7,0,2,20,0,0,4,0,17,5,0,0,9,5,0,0,12,0,0,4,0,0,9,0,0,0,0,0,0,0,0,0,0,0,0,0,0,0,0,0,0,0,0,0,0,0,2,0,0,21,0,0,4,0,22,12,0,7,4,0,0,0,0,0,6,0,0,0,0,0,0,0,0,0,0,0,0,0,0,0,2,0,0,0,15,8,0,0,0,0,0,0,0,0,0,0,5,2,0,0,6
47,ORL,1610612753,2022-01-23,0,0,0,0,0,0,0,0,0,0,0,0,0,0,0,0,4,0,0,0,0,17,0,22,20,11,0,0,0,16,14,0,0,0,0,7,0,16,20,6,0,0,0,17,8,0,0,0,0,0,0,0,0,0,0,0,0,4,0,0,0,0,0,0,0,0,0,0,0,0,0,0,0,0,0,0,0,0,0,0,0,0,0,0,0,0,0,0,0,0,0,0,15,12,14,0,0,0,15,13,0,0,0,0,0,0,0,0,26,19,0,0,0,6,9,6,0,0,0,22,11,0,0,0,4,8,0,0,0,0,0,0,0,0,0,22
48,ORL,1610612753,2022-01-26,0,0,0,0,0,0,0,0,0,0,0,0,0,0,0,0,9,0,0,0,10,0,0,6,6,0,0,8,0,0,0,13,0,0,13,0,0,7,21,0,0,11,0,13,15,0,0,7,0,0,0,14,0,0,2,0,16,17,0,0,0,0,0,0,0,0,0,0,0,0,0,0,0,0,0,0,0,0,0,0,0,0,0,8,21,0,0,10,0,7,12,0,0,0,0,0,0,0,0,0,0,0,0,0,0,0,0,0,4,0,0,6,0,0,0,0,0,2,0,26,32,0,0,0,0,0,0,0,0,0,0,2,5,0,0,17
49,ORL,1610612753,2022-01-28,0,0,0,0,0,0,0,0,0,0,0,0,0,0,0,0,10,13,0,0,20,2,0,8,3,2,0,29,0,2,11,17,0,0,0,0,0,0,12,0,0,11,0,10,8,0,0,6,0,0,0,26,0,0,8,0,13,21,0,0,0,0,0,0,0,0,0,0,0,0,0,0,0,0,0,0,0,0,0,0,0,0,0,10,13,0,0,26,0,2,12,0,0,0,0,0,0,0,0,2,0,0,0,0,0,0,0,0,0,0,0,2,0,0,0,0,0,7,0,15,20,0,0,0,0,2,0,0,0,0,0,16,11,0,0,6
50,ORL,1610612753,2022-01-30,0,0,0,0,0,0,0,0,0,0,0,0,0,0,0,0,18,0,0,0,20,0,0,23,6,0,0,18,0,14,4,10,0,0,5,0,0,8,15,0,0,6,0,10,10,0,0,7,0,0,0,26,0,0,0,0,12,18,0,0,0,0,0,0,0,0,0,0,0,0,0,0,0,0,0,0,0,0,0,0,0,0,0,15,13,0,0,8,0,12,9,0,0,0,0,0,0,0,0,0,0,0,0,0,0,0,0,0,0,0,0,13,0,0,4,0,0,2,0,27,26,0,0,0,0,0,0,0,0,0,0,6,4,0,0,19
51,ORL,1610612753,2022-02-01,0,0,0,0,0,0,0,0,0,0,0,0,0,0,0,0,7,2,0,0,12,0,0,12,10,0,0,8,0,4,10,12,0,0,9,0,0,9,17,0,0,7,0,20,9,0,0,7,0,0,0,20,0,0,5,0,25,10,0,0,0,0,0,0,0,0,0,0,0,0,0,0,0,0,0,0,0,0,0,0,0,0,0,14,15,0,0,12,0,11,13,0,0,0,0,0,0,0,0,0,0,0,0,0,0,0,0,0,0,0,0,12,0,0,0,0,0,0,0,42,37,0,0,0,0,0,0,0,0,0,0,6,8,0,0,39
52,ORL,1610612753,2022-02-02,0,0,0,0,0,0,0,0,0,0,0,0,0,0,0,0,8,0,0,0,19,0,0,8,5,0,0,10,6,11,10,8,0,0,23,0,0,4,20,0,0,7,6,18,7,0,0,0,0,0,0,12,0,0,0,0,14,4,0,0,0,0,0,0,0,0,0,0,0,0,0,0,0,0,0,0,0,0,0,0,0,0,0,17,16,0,0,14,6,13,12,0,0,0,0,0,0,0,0,0,0,0,0,0,0,0,0,0,0,0,0,13,0,0,9,0,0,0,0,25,18,0,0,0,0,3,0,0,0,0,6,4,5,0,2,17
53,ORL,1610612753,2022-02-05,0,0,0,0,0,0,0,0,0,0,0,0,0,0,0,0,2,2,0,0,2,6,0,3,10,0,0,2,0,2,2,14,0,0,6,5,0,11,10,10,0,0,4,14,13,0,0,0,6,0,0,3,3,0,0,0,9,6,0,0,0,0,0,0,0,0,0,0,0,0,0,0,0,0,0,0,0,0,0,0,0,12,0,9,11,0,0,7,8,3,16,0,9,0,17,0,0,8,0,11,0,0,0,0,0,0,0,0,6,5,0,0,5,2,5,2,0,7,0,19,26,0,0,2,0,5,0,0,0,0,0,4,12,0,5,19
54,ORL,1610612753,2022-02-06,0,0,0,0,0,0,0,0,0,0,0,0,0,0,0,0,9,3,0,0,7,3,0,8,6,3,0,8,0,6,6,6,0,0,6,0,0,8,10,3,0,11,0,10,7,0,0,2,0,0,2,8,0,0,0,0,10,9,0,0,0,0,0,0,0,0,0,0,0,0,0,0,0,0,0,0,0,0,0,0,0,0,0,0,6,0,0,5,0,8,6,0,4,0,3,0,0,0,0,0,0,0,0,0,0,0,0,0,0,7,0,5,0,0,2,0,0,2,0,16,9,0,0,0,2,3,0,0,0,0,0,2,4,0,0,17
55,ORL,1610612753,2022-02-08,0,0,0,0,0,0,0,0,0,0,0,0,0,0,0,0,3,0,0,0,28,2,0,0,24,0,0,14,17,15,16,6,0,0,0,0,0,0,0,0,0,0,0,5,0,0,0,3,9,0,0,8,0,0,7,2,20,26,0,0,0,0,0,0,0,0,0,0,0,0,0,0,0,0,0,0,0,0,0,0,0,0,0,0,16,0,0,12,10,21,29,0,0,3,0,0,4,2,2,6,0,0,0,0,0,0,0,0,0,0,0,0,0,0,0,0,0,7,10,17,21,0,0,0,0,0,0,0,0,0,9,7,8,0,6,33
56,ORL,1610612753,2022-02-11,0,0,0,0,0,0,0,0,0,0,0,0,0,0,0,0,2,11,0,0,7,3,0,0,5,3,0,8,0,5,9,8,0,0,4,0,0,0,8,0,0,12,0,19,16,0,0,13,2,0,0,16,2,0,8,0,16,27,0,0,0,0,0,0,0,0,0,0,0,0,0,0,0,0,0,0,0,0,0,0,0,0,0,0,7,0,0,18,0,18,7,0,0,0,0,0,0,0,0,3,0,0,0,0,0,0,0,0,0,0,0,0,0,0,0,0,0,14,0,14,14,0,0,0,0,3,0,0,0,0,0,18,4,0,0,24
57,ORL,1610612753,2022-02-12,0,0,0,0,0,0,0,0,0,0,0,0,0,0,0,0,11,0,0,0,14,0,0,0,9,2,0,25,3,5,12,16,0,0,7,2,0,0,25,2,0,7,2,15,15,0,0,0,0,0,0,15,0,0,0,0,16,15,0,0,0,0,0,0,0,0,0,0,0,0,0,0,0,0,0,0,0,0,0,0,0,0,0,0,5,0,0,15,2,8,8,0,0,0,2,0,0,0,0,0,0,0,0,0,0,0,0,0,0,0,0,0,0,0,0,0,0,8,0,19,16,0,0,2,0,2,0,0,0,0,8,8,14,0,4,17
58,ORL,1610612753,2022-02-14,0,0,0,0,0,0,0,0,0,0,0,0,0,0,0,0,14,0,0,0,21,0,0,0,14,6,0,6,2,19,3,4,0,0,17,0,0,0,11,5,0,4,2,27,9,0,0,0,0,0,0,2,0,0,0,0,12,7,0,0,0,0,0,0,0,0,0,0,0,0,0,0,0,0,0,0,0,0,0,0,0,0,0,0,29,5,0,4,4,27,9,0,0,0,0,0,0,0,0,0,0,0,0,0,0,0,0,0,0,0,0,0,0,0,0,3,0,8,7,33,19,0,0,0,0,0,0,0,0,0,2,4,2,0,2,21
59,ORL,1610612753,2022-02-16,0,0,0,0,0,0,0,0,0,0,0,0,0,0,0,0,14,13,0,0,14,7,0,0,5,2,0,11,0,7,3,23,0,0,9,9,0,0,8,10,0,10,0,8,18,0,0,5,12,0,0,8,9,0,4,0,5,12,0,0,0,0,0,0,0,0,0,0,0,0,0,0,0,0,0,0,0,0,0,0,0,0,0,0,11,3,0,8,0,7,7,0,0,0,2,0,7,0,0,0,0,0,0,0,0,0,0,0,0,0,0,0,0,0,0,11,0,4,0,19,29,0,0,0,9,13,0,0,0,0,0,4,0,0,0,28
60,ORL,1610612753,2022-02-25,0,0,0,0,0,0,0,0,0,0,0,0,0,0,0,0,5,12,0,13,29,0,0,0,19,0,0,21,0,25,15,4,0,0,2,0,0,0,0,0,0,4,0,7,4,0,6,10,0,0,0,4,0,0,12,0,9,8,0,0,0,0,0,0,0,0,0,0,0,0,13,0,0,0,12,0,0,6,0,15,10,0,0,0,5,0,0,16,0,11,6,0,0,0,0,0,0,0,0,0,0,0,0,0,0,0,0,0,0,0,0,0,0,0,0,0,0,0,0,26,21,0,0,0,0,0,0,0,0,0,0,4,7,0,0,27
61,ORL,1610612753,2022-02-28,0,0,0,0,0,0,0,0,0,0,0,0,0,0,0,0,3,7,0,5,14,2,16,0,9,0,0,5,0,5,4,23,0,13,3,0,0,0,16,0,0,0,0,24,12,0,5,10,0,12,0,17,0,0,2,0,16,13,0,0,0,0,0,0,0,0,0,0,0,0,3,4,2,0,10,2,0,3,0,15,12,0,18,0,8,0,0,5,0,4,4,0,0,0,2,0,0,0,0,2,0,4,0,0,10,0,2,0,0,0,0,0,0,0,0,0,0,0,0,24,16,0,0,0,0,0,0,0,0,0,0,4,0,0,0,18
62,ORL,1610612753,2022-03-02,0,0,0,0,0,0,0,0,0,0,0,0,0,0,0,0,0,3,0,2,5,0,13,0,0,0,0,11,0,8,2,28,0,7,0,0,0,0,33,0,0,0,0,16,20,0,7,0,0,0,0,42,0,0,0,0,18,26,0,0,0,0,0,0,0,0,0,0,0,0,0,0,4,0,8,0,0,8,0,4,5,0,6,0,3,0,0,0,0,2,0,0,0,0,0,0,0,0,0,0,0,2,0,0,14,0,14,0,0,0,0,0,0,0,0,0,0,0,0,27,32,0,6,0,0,0,0,0,0,0,0,2,0,0,0,14
63,ORL,1610612753,2022-03-04,0,0,0,0,0,0,0,0,0,0,0,0,0,0,0,0,14,11,0,8,8,0,0,0,16,0,0,0,5,0,14,15,0,5,13,2,0,0,20,2,0,0,5,0,9,0,8,8,0,0,0,22,0,0,0,0,0,15,0,0,0,0,0,0,0,0,0,0,0,0,19,8,0,0,5,4,0,0,9,0,14,6,0,0,8,4,0,0,8,0,5,0,0,0,0,0,0,8,0,4,0,0,0,0,0,0,0,0,0,0,0,0,0,0,0,0,0,0,0,0,18,0,0,4,0,6,0,0,0,0,0,0,0,0,2,0
64,ORL,1610612753,2022-03-05,0,0,0,0,0,0,0,0,0,0,0,0,0,0,0,0,0,14,0,4,0,5,2,11,19,4,0,2,0,0,17,0,0,0,0,0,0,0,0,0,0,0,0,0,0,0,8,0,0,0,0,25,0,0,2,0,0,23,0,0,0,0,0,0,0,0,0,0,0,0,0,11,2,10,12,4,0,4,0,0,10,0,0,0,0,0,0,0,0,0,0,8,19,2,9,0,6,0,0,7,9,3,0,0,8,0,0,12,0,10,0,11,0,0,12,0,0,3,0,0,25,0,0,0,0,0,0,0,0,0,0,0,7,0,0,0
65,ORL,1610612753,2022-03-08,0,0,0,0,0,0,0,0,0,0,0,0,0,0,0,0,0,0,0,0,9,0,10,10,0,0,0,7,0,6,2,0,0,0,0,0,0,0,0,0,0,0,0,0,0,0,13,3,0,2,0,15,0,0,0,0,20,13,0,0,0,0,0,0,0,0,0,0,0,0,0,0,0,2,10,0,0,0,0,15,11,0,17,13,2,0,0,12,0,8,2,0,0,0,0,0,0,0,0,0,5,2,0,0,13,0,12,0,2,0,0,6,0,0,7,0,0,0,0,21,11,0,0,0,0,0,0,0,0,0,0,7,2,0,0,18
66,ORL,1610612753,2022-03-09,0,0,0,0,0,0,0,0,0,0,0,0,0,0,0,0,0,0,0,5,19,0,0,6,2,0,0,15,0,9,4,6,0,0,3,0,0,0,9,0,0,0,0,8,7,0,3,0,0,0,0,20,0,0,0,0,17,22,0,0,0,0,0,0,0,0,0,0,0,0,11,0,0,6,4,0,0,12,0,4,8,0,0,14,2,0,0,23,0,10,3,0,0,0,0,0,0,0,0,0,0,0,0,0,0,0,0,0,0,0,0,18,0,0,0,0,0,0,0,21,24,0,0,0,0,0,0,0,0,0,0,0,2,0,0,27
67,ORL,1610612753,2022-03-11,0,0,0,0,0,0,0,0,0,0,0,0,0,0,0,0,0,0,0,3,0,0,10,15,0,0,0,5,0,0,0,25,0,0,0,0,0,0,9,0,0,0,0,17,15,0,11,0,0,4,0,31,0,0,0,0,41,35,0,0,0,0,0,0,0,0,0,0,0,0,0,0,15,12,5,0,0,5,0,10,2,0,0,0,0,0,0,0,0,0,0,0,0,0,0,0,0,0,0,0,17,0,0,0,11,0,4,0,0,0,0,12,0,0,2,0,0,0,0,20,18,0,0,0,0,0,0,0,0,0,0,4,0,0,0,26
68,ORL,1610612753,2022-03-13,0,0,0,0,0,0,0,0,0,0,0,0,0,0,0,0,5,0,0,13,17,0,9,18,7,0,0,0,0,13,7,8,0,0,0,0,6,0,8,0,0,0,0,24,6,0,6,0,0,9,0,7,0,0,0,0,19,16,0,0,0,0,0,0,0,0,0,0,0,0,18,0,12,19,4,0,0,0,0,6,11,0,9,19,0,0,0,0,0,2,3,0,0,0,0,0,0,0,0,0,13,6,0,0,0,0,8,2,0,0,0,0,0,0,0,0,0,0,0,24,15,0,0,0,0,0,0,0,0,0,0,0,0,0,0,31
69,ORL,1610612753,2022-03-15,0,0,0,0,0,0,0,0,0,0,0,0,0,0,0,0,0,0,0,6,0,11,6,21,2,9,0,5,0,7,3,0,0,0,0,0,0,0,0,0,0,0,0,0,0,0,13,0,0,3,0,18,0,0,0,0,17,15,0,0,0,0,0,0,0,0,0,0,0,0,0,3,3,4,15,3,0,0,0,18,12,0,0,0,0,0,0,0,0,0,0,4,13,0,6,0,4,0,0,0,9,4,2,0,2,0,3,3,4,9,0,11,0,0,7,0,0,0,0,25,25,0,0,0,0,0,0,0,0,0,0,0,0,0,0,23
70,ORL,1610612753,2022-03-17,0,0,0,0,0,0,0,0,0,0,0,0,0,0,0,0,0,0,0,0,0,0,0,0,0,0,0,0,0,0,0,0,0,0,0,0,0,0,0,0,0,0,0,0,0,0,9,0,5,0,20,26,0,0,2,0,0,14,0,0,0,0,0,0,0,0,0,0,0,0,0,0,7,22,19,5,0,11,2,0,12,0,0,0,0,0,0,0,0,0,0,12,0,3,6,0,15,6,0,3,4,7,15,0,16,14,0,0,30,2,0,8,0,0,23,8,0,2,7,0,30,0,14,11,0,3,0,0,0,0,12,0,13,0,2,0
71,ORL,1610612753,2022-03-20,0,0,0,0,0,0,0,0,0,0,0,0,0,0,0,0,0,8,0,8,4,0,4,10,9,0,0,0,0,14,6,0,0,0,0,0,0,0,0,0,0,0,0,0,0,0,13,0,0,0,2,7,0,0,0,0,17,10,0,0,0,0,0,0,0,0,0,0,0,0,0,0,0,4,8,0,0,0,0,20,11,0,8,9,6,0,0,0,0,16,0,2,5,0,0,0,0,0,0,0,9,2,0,0,0,0,9,0,0,0,0,0,0,0,5,0,0,0,0,32,7,0,0,0,0,0,0,0,0,0,0,0,0,0,0,19
72,ORL,1610612753,2022-03-22,0,0,0,0,0,0,0,0,0,0,0,0,0,0,0,0,0,0,0,2,13,0,13,10,4,5,0,0,0,6,4,0,0,0,0,0,0,0,0,0,0,0,0,0,0,0,10,0,0,0,0,15,0,0,0,0,16,16,0,0,0,0,0,0,0,0,0,0,0,0,0,0,0,0,17,0,0,0,0,20,18,0,16,13,0,8,0,0,0,0,0,0,0,0,0,0,0,0,0,0,13,0,8,0,0,0,2,0,0,5,0,0,0,0,0,0,0,0,0,27,25,0,0,0,0,0,0,0,0,0,0,0,0,0,0,26
73,ORL,1610612753,2022-03-23,0,0,0,0,0,0,0,0,0,0,0,0,0,0,0,0,0,20,0,18,0,9,0,16,18,14,0,0,0,0,21,0,0,0,0,0,0,0,0,0,0,0,0,0,0,0,17,0,0,0,0,24,0,0,0,0,0,21,0,0,0,0,0,0,0,0,0,0,0,0,0,3,0,8,16,3,0,0,0,0,16,0,0,0,0,0,0,0,0,0,0,0,11,0,6,0,0,0,0,2,0,0,0,0,0,0,0,0,0,12,0,0,0,0,8,4,0,0,0,0,23,0,0,0,0,5,0,0,0,0,0,0,0,0,0,0
74,ORL,1610612753,2022-03-26,0,0,0,0,0,0,0,0,0,0,0,0,0,0,0,0,0,24,0,13,0,0,0,0,24,0,0,0,2,0,18,0,0,0,0,0,0,0,0,0,0,0,0,0,0,0,25,0,0,0,0,36,0,0,0,0,0,30,0,0,0,0,0,0,0,0,0,0,0,0,0,0,2,2,25,0,0,2,2,0,16,0,0,0,0,0,0,0,0,0,0,0,0,0,0,0,0,0,0,0,27,0,0,0,24,17,0,0,0,0,0,21,14,0,0,0,0,0,2,0,30,0,0,0,0,0,0,0,0,0,11,0,0,0,2,0
75,ORL,1610612753,2022-03-28,0,0,0,0,0,0,0,0,0,0,0,0,0,0,0,0,0,0,0,2,0,13,8,9,4,17,0,0,0,0,0,0,0,0,0,0,0,0,0,0,0,0,0,0,0,0,17,0,4,2,0,15,0,0,0,0,25,20,0,0,0,0,0,0,0,0,0,0,0,0,0,0,0,0,6,2,0,0,0,8,13,0,0,0,0,0,0,0,0,0,0,8,8,14,9,0,0,0,14,6,4,8,11,0,0,0,10,2,4,10,0,0,0,0,2,0,0,0,0,20,15,0,0,0,0,0,0,0,0,0,0,0,0,0,0,23
76,ORL,1610612753,2022-03-30,0,0,0,0,0,0,0,0,0,0,0,0,0,0,0,0,0,10,0,11,0,0,12,0,31,2,0,0,6,0,8,0,0,0,0,0,0,0,0,0,0,0,0,0,0,0,15,0,0,0,0,31,0,0,0,0,0,18,0,0,0,0,0,0,0,0,0,0,0,0,0,0,2,0,28,0,0,0,0,0,13,0,0,0,0,0,0,0,0,0,0,15,12,2,7,0,7,9,0,3,10,8,17,0,4,6,0,0,0,3,0,4,6,0,0,7,0,0,2,0,31,0,0,0,0,0,0,0,0,0,6,0,0,0,0,0
77,ORL,1610612753,2022-04-01,0,0,0,0,0,0,0,0,0,0,0,0,0,0,0,0,0,14,0,9,0,16,0,3,0,0,9,0,3,0,5,0,0,0,0,0,0,0,0,0,0,0,0,0,0,0,17,0,24,9,8,0,7,7,0,0,0,13,0,0,0,0,0,0,0,0,0,0,0,0,0,19,0,0,0,0,3,0,0,0,8,0,0,0,0,0,0,0,0,0,0,3,0,0,0,5,0,0,0,10,16,0,12,16,0,6,0,4,0,11,12,0,4,0,5,0,0,0,0,0,0,11,0,4,0,8,0,10,0,5,0,0,0,0,0,0
78,ORL,1610612753,2022-04-03,0,0,0,0,0,0,0,0,0,0,0,0,0,0,0,0,0,5,0,5,0,11,2,0,0,0,3,2,0,0,3,0,0,0,0,0,0,0,0,0,0,0,0,0,0,0,6,0,9,18,13,0,0,16,11,0,0,0,0,0,0,0,0,0,0,0,0,0,0,0,0,14,2,5,0,0,7,2,0,0,0,0,0,0,0,0,0,0,0,0,0,2,16,0,0,16,8,10,0,0,21,0,0,5,16,4,0,0,0,0,4,23,18,0,0,0,0,0,0,0,0,0,0,0,0,0,0,2,0,0,9,0,0,0,0,0
79,ORL,1610612753,2022-04-05,0,0,0,0,0,0,0,0,0,0,0,0,0,0,0,0,2,25,0,13,0,19,16,6,2,0,12,0,2,0,0,9,0,0,0,7,18,7,2,0,0,0,4,0,0,0,16,0,19,30,3,14,0,6,0,0,0,0,0,0,0,0,0,0,0,0,0,0,0,0,0,21,2,16,0,0,17,0,12,0,0,0,0,0,0,0,0,0,0,0,0,19,17,0,0,17,0,14,0,0,5,6,0,0,0,4,0,0,0,0,19,0,25,0,0,0,0,0,0,0,0,0,0,0,0,0,0,14,0,0,0,0,0,0,0,0
80,ORL,1610612753,2022-04-07,0,0,0,0,0,0,0,0,0,0,0,0,0,0,0,0,12,6,0,21,0,17,24,27,0,11,18,0,7,0,0,5,0,2,0,3,11,6,0,0,6,0,2,0,0,0,0,0,0,6,2,0,0,0,0,0,0,0,0,0,0,0,0,0,0,0,0,0,0,0,0,20,4,15,0,11,15,0,5,0,0,0,0,0,0,0,0,0,0,0,0,7,6,0,10,8,0,9,0,0,22,0,4,10,0,0,0,0,0,5,21,0,0,0,0,0,0,0,0,0,0,0,0,6,0,0,0,0,0,0,0,0,0,0,0,0
81,ORL,1610612753,2022-04-10,0,0,0,0,0,0,0,0,0,0,0,0,0,0,0,0,0,28,0,24,0,3,22,26,0,3,14,0,3,0,0,0,0,0,0,0,0,0,0,0,0,0,0,0,0,0,17,0,13,29,20,0,7,16,0,0,0,0,0,0,0,0,0,0,0,0,0,0,0,0,0,13,13,29,0,13,15,0,7,0,0,0,0,0,0,0,0,0,0,0,0,9,3,0,15,25,0,10,0,0,15,0,4,14,0,0,0,0,0,6,9,0,3,0,0,0,0,0,0,0,0,17,0,2,0,0,0,5,0,0,0,0,0,0,0,0
